observation_date,CRUDEOIL,NATURALGAS,GOLD,SILVER
9/10/2018,76.77,2.9,11.33,19.2
9/7/2018,75.55,2.88,11.3,19.2
9/6/2018,75.67,2.93,11.54,19.28
9/5/2018,76.68,3,11.24,19.45
9/4/2018,77.51,2.96,11.42,19.45
8/31/2018,76.94,2.98,10.96,17.65
8/30/2018,77.05,2.96,11.41,18.19
8/29/2018,76.07,2.96,11.25,18.08
8/28/2018,75.91,2.98,11.46,18.8
8/24/2018,74.41,2.99,11.71,19.28
8/23/2018,73.73,3.01,11.6,19.52
8/22/2018,72.96,3.02,11.81,19.6
8/21/2018,71.65,3.01,11.86,19.41
8/20/2018,71.11,3.04,12.4,19.45
8/17/2018,70.14,3.01,12.89,19
8/16/2018,69.21,3.02,13.39,19.64
8/15/2018,68.38,3.02,13.16,20.7
8/14/2018,70.77,3.02,11.88,18.11
8/13/2018,70.62,2.92,11.73,18.52
8/10/2018,71,2.96,11.78,17.9
8/9/2018,70.55,3.02,10.99,17.9
8/8/2018,70.71,2.99,11.43,17.9
8/7/2018,72.31,2.95,11.11,18.28
8/6/2018,72.51,2.85,11.02,17.52
8/3/2018,72.48,2.86,10.77,17.48
8/2/2018,72.95,2.77,11.08,17.93
8/1/2018,72.28,2.8,10.91,17.67
7/31/2018,74.16,2.82,11.21,17.17
7/30/2018,74.99,2.75,11.18,17.35
7/27/2018,74.84,2.78,11.05,17.17
7/26/2018,74.51,2.82,11.43,18.35
7/25/2018,73.67,2.82,11.65,18.1
7/24/2018,73.53,2.73,11.74,18.86
7/23/2018,73.45,2.79,12.22,19.28
7/20/2018,71.99,2.79,12.1,19.46
7/19/2018,71.94,2.75,12.66,20.13
7/18/2018,70.52,2.8,12.15,18.86
7/17/2018,70.87,2.81,11.79,19.71
7/16/2018,71.03,2.76,11.46,18.75
7/13/2018,74.11,2.86,10.99,18.98
7/12/2018,72.11,2.89,10.82,18.98
7/11/2018,75.35,2.89,11.25,18.98
7/10/2018,77.8,2.9,10.69,18.3
7/9/2018,77.08,2.9,10.55,17.63
7/6/2018,74.98,2.91,10.65,17.63
7/5/2018,77.09,2.91,11.32,18.66
7/3/2018,75.87,2.9,11.41,18.56
7/2/2018,76.71,2.9,11.75,18.32
6/29/2018,77.44,2.96,10.75,18.32
6/28/2018,76.26,2.99,11.03,18.32
6/27/2018,76.09,3.01,11.01,19.06
6/26/2018,73.58,2.98,10.97,18.41
6/25/2018,72.82,2.96,10.83,18.12
6/22/2018,73.67,2.95,10.67,17.91
6/21/2018,72.87,3.08,11.22,18.28
6/20/2018,74.25,2.96,11.08,18.23
6/19/2018,74.92,2.95,10.99,18.22
6/18/2018,74.87,2.99,9.82,18.05
6/15/2018,72.02,3.02,10.65,18.08
6/14/2018,74.77,2.99,9.83,18.17
6/13/2018,75.07,2.98,10.6,18.55
6/12/2018,74.86,2.98,10.52,18.3
6/11/2018,74.58,3,10.54,19.45
6/8/2018,75.11,2.91,10.69,17.4
6/7/2018,75.23,3.02,10.55,17.4
6/6/2018,73.23,2.89,10.31,17.4
6/5/2018,72.91,2.89,10.46,17.4
6/4/2018,73.41,2.89,10.54,17.94
6/1/2018,74.54,2.91,10.58,17.67
5/31/2018,76.45,2.94,10.92,18.09
5/30/2018,75.89,2.83,10.87,18.3
5/29/2018,74.51,2.84,12.33,19.08
5/25/2018,76.6,2.88,10.31,17.7
5/24/2018,78.9,2.88,10.99,18.68
5/23/2018,78.69,2.89,11.18,19.33
5/22/2018,80.42,2.76,10.9,18.97
5/21/2018,78.34,2.77,11.62,18.92
5/18/2018,78.38,2.75,11.11,18.39
5/17/2018,80.09,2.75,11.64,19.16
5/16/2018,78.19,2.85,11.77,19.36
5/15/2018,78.94,2.83,11.91,19.63
5/14/2018,78.17,2.84,11.15,18.87
5/11/2018,77.37,2.75,11.04,19.61
5/10/2018,77.59,2.78,11.42,19.61
5/9/2018,77.6,2.75,11.39,19.61
5/8/2018,74.16,2.77,11.5,20.38
5/4/2018,74.75,2.75,10.99,19.76
5/3/2018,73.45,2.75,11.46,19.39
5/2/2018,73.14,2.77,11.64,20.3
5/1/2018,74.85,2.75,11.88,20.51
4/30/2018,75.92,2.75,11.15,19.58
4/27/2018,75.33,2.82,10.99,18.75
4/26/2018,75.39,2.81,11.49,18.88
4/25/2018,73.79,2.81,11.97,19.45
4/24/2018,75.86,2.79,12.24,19.89
4/23/2018,74.54,2.78,12.13,19.46
4/20/2018,74.62,2.78,12.14,20.33
4/19/2018,74.85,2.8,12.88,20.96
4/18/2018,73.73,2.85,13.46,20.7
4/17/2018,71.71,2.84,13.07,19.51
4/16/2018,72.05,2.88,13.43,20.28
4/13/2018,73.18,2.82,13.36,19.57
4/12/2018,71.44,2.76,12.88,19.54
4/11/2018,72.74,2.74,14.36,22.02
4/10/2018,70.67,2.78,12.78,20.33
4/9/2018,68.19,2.78,12.39,19.66
4/6/2018,66.51,2.81,11.95,18.99
4/5/2018,66.54,2.81,11.55,19.23
4/4/2018,66.04,2.81,12,19.71
4/3/2018,69.02,2.75,11.8,19.3
3/29/2018,69.02,2.81,11.06,18.4
3/28/2018,68.13,2.64,11.74,18.41
3/27/2018,68.63,2.6,12.22,18.94
3/26/2018,68.81,2.63,12.95,19.24
3/23/2018,69.03,2.58,13.46,18.94
3/22/2018,68.98,2.62,11.24,17.75
3/21/2018,68.15,2.74,10.91,18.01
3/20/2018,66,2.71,11.01,18.57
3/19/2018,64.82,2.62,10.99,17.78
3/16/2018,64.68,2.62,9.88,17.43
3/15/2018,63.67,2.7,10.4,17.2
3/14/2018,63.61,2.69,10.41,17.97
3/13/2018,64.2,2.76,10.7,18
3/12/2018,64.53,2.78,11.01,19
3/9/2018,65.19,2.71,10.94,19.12
3/8/2018,63.87,2.8,11.57,19.86
3/7/2018,65.09,2.8,12.37,20.57
3/6/2018,65.67,2.7,12.33,21.57
3/5/2018,65.78,2.7,11.89,19.63
3/2/2018,64.26,2.67,11.97,19.97
3/1/2018,64.23,2.67,12.07,20.81
2/28/2018,66.08,2.66,11.74,19.45
2/27/2018,67.59,2.59,11.76,19.68
2/26/2018,67.96,2.6,11.89,19.17
2/23/2018,67.04,2.58,11.97,18.79
2/22/2018,66.12,2.65,13.47,19.43
2/21/2018,64.81,2.65,13.83,20.51
2/20/2018,64.68,2.61,14.08,20.92
2/16/2018,64.3,2.49,13.96,21.6
2/15/2018,62.86,2.49,15.03,22.45
2/14/2018,62.29,2.53,14.97,22.96
2/13/2018,61.94,2.58,14.07,22.25
2/12/2018,62.2,2.6,14.37,21.24
2/9/2018,63.04,2.66,14.93,22.79
2/8/2018,64.26,2.74,14.85,22.19
2/7/2018,65.74,2.74,13.62,21.24
2/6/2018,66.75,2.75,13.8,21.13
2/5/2018,67.69,2.85,14.35,21.82
2/2/2018,67.45,2.91,13.11,20.42
2/1/2018,68.6,3.06,12.32,19.83
1/31/2018,67.78,3.34,12.97,20.23
1/30/2018,67.78,3.6,13.86,20.11
1/29/2018,68.41,3.6,13.25,21.08
1/26/2018,70.08,3.58,12.98,19.86
1/25/2018,71.08,3.54,13.04,20.37
1/24/2018,69.91,3.54,13.38,21.66
1/23/2018,69.81,3.35,11.72,18.3
1/22/2018,69.32,3.13,11.66,18.07
1/19/2018,68.56,3.2,11.43,18.27
1/18/2018,69.48,3.92,12.26,18.6
1/17/2018,69.19,3.92,11.77,18.2
1/16/2018,69.4,5.46,12.09,19.12
1/12/2018,69.64,4.06,11.62,18.55
1/11/2018,70.36,3.16,10.96,17.7
1/10/2018,69.79,3.16,10.79,18.09
1/9/2018,69.08,2.93,10.79,17.92
1/8/2018,68.48,2.89,11.19,18.22
1/4/2018,68.73,4.65,11.8,18.69
1/3/2018,67.85,6.24,11.56,18.38
1/2/2018,66.65,6.24,11.96,19.66
12/29/2017,66.73,3.69,10.96,18.53
12/28/2017,66.8,2.97,10.43,17.92
12/27/2017,66.03,2.76,10.73,18.24
12/22/2017,64.61,2.63,10.01,17.71
12/21/2017,64.64,2.64,9.64,17.9
12/20/2017,64.43,2.72,9.79,18.11
12/19/2017,63.69,2.75,10.32,18.15
12/18/2017,64.45,2.71,9.93,17.86
12/15/2017,63.81,2.6,9.43,18.38
12/14/2017,63.72,2.69,10.4,19.15
12/13/2017,63.66,2.87,10.87,18.43
12/12/2017,64.96,2.87,12.14,19.53
12/11/2017,65.62,2.81,11.46,19.36
12/8/2017,63.86,2.78,11.7,19.48
12/7/2017,62.37,2.81,12.99,20.86
12/6/2017,62.25,2.86,11.67,19.27
12/5/2017,63.45,2.86,12.28,19.51
12/4/2017,63.45,2.91,11.38,19.13
12/1/2017,64.57,2.84,11.39,18.76
11/30/2017,63.53,3.06,11.79,18.86
11/29/2017,63.74,3.06,11.02,19.15
11/28/2017,63.56,2.88,10.64,18.6
11/27/2017,63.25,2.88,10.72,18.73
11/24/2017,63.58,3.05,10.58,19.57
11/22/2017,62.92,3.05,10.75,19.1
11/21/2017,62.28,3.05,10.84,18.92
11/20/2017,61.34,3.04,11.18,19.06
11/17/2017,61.34,3.04,10.62,19.32
11/16/2017,61.18,3.09,11.02,19.6
11/15/2017,61.25,3.16,11.75,20.24
11/14/2017,60.91,3.06,11.61,20.11
11/13/2017,62.94,3.13,11.53,20.1
11/10/2017,64.35,3.17,11.68,19.49
11/9/2017,64.49,3.18,11.73,20.19
11/8/2017,63.96,3.16,11.32,19.88
11/7/2017,64.36,3.07,10.98,19.45
11/6/2017,64.27,3.01,10.94,19.58
11/3/2017,61.42,2.75,10.65,18.57
11/2/2017,60.79,2.68,10.95,18.95
11/1/2017,60.98,2.68,11.8,19.94
10/31/2017,61.35,2.84,11.81,19.22
10/30/2017,60.65,2.94,11.74,19.09
10/27/2017,60.15,2.78,11.48,18.92
10/26/2017,58.75,2.91,11.62,19.1
10/25/2017,58.45,2.98,12.02,19.28
10/24/2017,57.84,2.95,11.73,19.09
10/23/2017,57.69,2.95,11.69,19.06
10/20/2017,57.89,2.8,11.49,18.52
10/19/2017,57.82,2.83,11.94,18.65
10/18/2017,58.05,2.81,11.88,18.3
10/17/2017,57.63,2.88,11.64,18.15
10/16/2017,57.49,2.87,12.13,18.85
10/13/2017,56.86,2.99,11.76,20.35
10/12/2017,56.13,2.95,11.82,20.35
10/11/2017,56.13,2.89,12.13,20.35
10/10/2017,56.62,2.89,12.22,20.39
10/9/2017,55.29,2.87,11.96,19.21
10/6/2017,55.5,2.93,11.53,18.4
10/5/2017,57.09,2.8,11.4,18.81
10/4/2017,56,2.8,11.41,18.73
10/3/2017,56.12,2.73,11.38,18.98
10/2/2017,55.67,2.94,11.72,19.14
9/29/2017,57.02,2.94,11.77,19.02
9/28/2017,58.8,2.96,11.75,19.64
9/27/2017,58.74,2.98,12.99,19.82
9/26/2017,59.77,2.96,13.32,19.67
9/25/2017,59.42,2.96,13.77,20.55
9/22/2017,58.16,2.93,12.37,19.55
9/21/2017,57.73,3.11,12.19,19.58
9/20/2017,57.2,3.13,12.32,19.64
9/19/2017,56.58,3.18,12.27,20.3
9/18/2017,55.5,3.11,12.69,19.95
9/15/2017,56.18,3,12.06,18.72
9/14/2017,56.76,3.03,12.19,18.91
9/13/2017,55.52,3.02,11.98,18.84
9/12/2017,55.06,2.88,11.56,18.58
9/11/2017,54.2,2.88,13.28,19.3
9/8/2017,54.55,2.88,13.77,20.33
9/7/2017,54.16,2.92,14.49,21.56
9/6/2017,54.48,2.98,14.17,21.61
9/5/2017,53.63,2.88,14.3,22.65
9/1/2017,53.15,2.88,12.73,21.13
8/31/2017,52.69,2.92,13.26,22.05
8/30/2017,51.91,2.95,12.78,21.59
8/29/2017,51.64,2.95,13.5,23.03
8/28/2017,51.87,2.95,14.2,23
8/25/2017,51.87,2.93,12.63,21.91
8/24/2017,51.73,2.97,12.76,22.15
8/23/2017,52.31,2.94,12.68,21.88
8/22/2017,52.29,3,12.49,22.34
8/21/2017,51.94,3,13.01,22.47
8/18/2017,50.96,2.9,12.12,22.56
8/17/2017,50.37,2.91,13.34,22.18
8/16/2017,50.39,2.94,12.58,21.84
8/15/2017,49.9,2.96,12.2,20.6
8/14/2017,51.29,3.02,12.11,19.52
8/11/2017,51.47,2.96,13.45,20.95
8/10/2017,52.59,2.89,13.43,20.87
8/9/2017,52.16,2.81,12.31,19.49
8/8/2017,52.18,2.81,11.1,18.81
8/7/2017,51.42,2.8,10.73,19.36
8/4/2017,52.48,2.76,10.87,19.18
8/3/2017,52.88,2.76,11.31,19.66
8/2/2017,52.09,2.8,11.24,19.44
8/1/2017,50.77,2.8,11.28,19.1
7/31/2017,51.99,2.87,11.61,19.76
7/28/2017,52,2.96,11.44,19.15
7/27/2017,50.67,2.95,11.24,19.65
7/26/2017,50.08,2.92,11.63,20.37
7/25/2017,49.19,2.99,12.07,19.99
7/24/2017,47.81,2.99,11.8,20.26
7/21/2017,47.47,3.06,11.22,19.73
7/20/2017,48.54,3.12,10.85,19.13
7/19/2017,48.34,3.11,11.08,19.64
7/18/2017,47.92,3.11,11.14,20.34
7/17/2017,47.66,3.04,11.08,20.26
7/14/2017,47.89,2.94,11.11,20.25
7/13/2017,47.65,2.96,11.29,20.62
7/12/2017,46.73,3.01,11.56,21.14
7/11/2017,46.68,2.98,12.3,22.41
7/10/2017,46.57,2.92,12.22,23.63
7/7/2017,46.47,2.91,12.54,22.55
7/6/2017,48.53,2.89,11.72,19.96
7/5/2017,47.58,2.98,11.88,20.22
7/3/2017,49.13,2.98,11.93,19.53
6/30/2017,47.08,2.98,11,16.58
6/29/2017,47.02,3.07,11.21,17.48
6/28/2017,46.45,3.03,11.38,17.98
6/27/2017,46.17,2.99,11.96,18.72
6/26/2017,44.09,2.98,11.05,19.08
6/23/2017,44.14,2.89,10.86,17.32
6/22/2017,44.46,2.88,11.24,17.82
6/21/2017,44.62,2.91,11.25,17.64
6/20/2017,43.98,2.91,11.14,17.66
6/19/2017,45.93,2.87,10.69,17.72
6/16/2017,45.7,3.01,10.16,17.09
6/15/2017,45.61,2.94,11.03,17.85
6/14/2017,45.47,2.95,11.5,18.12
6/13/2017,46.95,3.12,12.16,18.93
6/12/2017,47.18,3.12,12.41,19.12
6/9/2017,46.64,3.03,12.5,19.33
6/8/2017,46.3,2.98,12.62,19.33
6/7/2017,47.08,3.06,13.16,20.03
6/6/2017,48.11,2.92,13.23,20.39
6/5/2017,48.25,2.92,12.44,20.03
6/2/2017,48.46,2.85,12.09,19.46
6/1/2017,50.41,3.05,11.81,19.7
5/31/2017,49.4,3.05,11.82,20.15
5/30/2017,50.65,3.1,11.62,19.45
5/26/2017,50.84,3.1,11.59,18.76
5/25/2017,52.25,3.1,11.2,18.68
5/24/2017,53.29,3.22,11.75,19.78
5/23/2017,53.19,3.22,11.89,20.22
5/22/2017,53.35,3.24,12.32,20.67
5/19/2017,52.78,3.11,12.04,19.49
5/18/2017,51.71,3.13,12.95,19.55
5/17/2017,51.76,3.27,13.03,19.67
5/16/2017,51.21,3.27,11.19,18.75
5/15/2017,51.29,3.26,11.28,19.16
5/12/2017,49.08,3.24,11.13,19.54
5/11/2017,49.18,3.23,11.24,20.87
5/10/2017,48.09,3.03,11.2,20.87
5/9/2017,47.06,3.03,12.1,20.88
5/8/2017,46.61,3.06,11.95,22.12
5/5/2017,47.45,3.1,12.01,23.13
5/4/2017,47.53,3.11,12.41,23.49
5/3/2017,48.82,3.14,12.54,23.31
5/2/2017,49.31,3.13,12.38,21.98
5/1/2017,50.41,3.2,12.35,23.12
4/28/2017,49.46,3.2,11.6,21.57
4/27/2017,49.46,3.13,11.53,21.79
4/26/2017,49.99,3.06,12.02,20.92
4/25/2017,49.37,2.99,12.45,20.32
4/24/2017,49.45,3.06,12.29,19.67
4/21/2017,49.93,3.06,15.31,21.87
4/20/2017,50.66,3.13,14.54,22.03
4/19/2017,52.43,3.11,14.5,21.93
4/18/2017,52.6,3.11,15.67,21.91
4/17/2017,54.79,3.09,16.2,22.09
4/13/2017,55.05,3,16.2,22.39
4/12/2017,54.75,2.97,16.08,22.42
4/11/2017,54.73,3.11,15.2,22.75
4/10/2017,54.79,3.15,13.75,21.87
4/7/2017,54.24,3.23,13.45,21.55
4/6/2017,53.62,3.23,12.85,20.32
4/5/2017,53.41,3.22,13.23,20.32
4/4/2017,53.08,3.06,12.41,19.84
4/3/2017,52.04,3.13,12.61,19.73
3/31/2017,52.2,3.13,12.41,19.24
3/30/2017,52.25,3.08,12.09,19.67
3/29/2017,51.36,3.03,11.65,19.55
3/28/2017,50.72,2.95,12.35,19.9
3/27/2017,50.12,2.94,12.51,20.19
3/24/2017,49.97,2.97,12.06,18.98
3/23/2017,50.17,2.93,12.58,19.35
3/22/2017,49.56,3.02,12.28,19.85
3/21/2017,50.14,3.09,12.13,19.79
3/20/2017,50.67,2.93,11.35,18.71
3/17/2017,50.58,2.85,10.8,18.69
3/16/2017,50.56,2.84,11.12,19.62
3/15/2017,50.63,3.02,11.23,21.15
3/14/2017,49.6,3.02,11.57,22.21
3/13/2017,50.1,3.04,11.27,21.14
3/10/2017,50.63,2.98,13.03,22.03
3/9/2017,50.65,2.83,13.62,23.87
3/8/2017,53.3,2.59,13.58,21.69
3/7/2017,54.61,2.68,13.22,20.57
3/6/2017,54.73,2.68,13.24,20.96
3/3/2017,54.12,2.5,13.66,21.26
3/2/2017,54.16,2.59,13.89,22.17
3/1/2017,55.72,2.54,14.41,20.6
2/28/2017,53.36,2.54,14.3,21.46
2/27/2017,54.65,2.44,14.44,20.86
2/24/2017,54.69,2.63,13.54,20.88
2/23/2017,55.82,2.63,13.68,20.99
2/22/2017,54.9,2.52,13.26,20.77
2/21/2017,56.34,2.56,13.72,21.52
2/17/2017,54.48,2.75,13.27,21.34
2/16/2017,54.16,2.88,13.75,22.55
2/15/2017,54.57,2.95,13.71,22.8
2/14/2017,54.96,2.85,14.21,23.55
2/13/2017,54.15,2.93,14.61,23.94
2/10/2017,55.2,3.11,14.88,23.41
2/9/2017,53.98,3.11,14.88,23.3
2/8/2017,54.42,3.05,15.2,23.9
2/7/2017,53.79,3.03,15.26,23.96
2/6/2017,55.02,2.92,15.74,23.5
2/3/2017,55.92,3.13,15.04,23.12
2/2/2017,55.94,3.13,15.04,23.02
2/1/2017,55.79,3.15,14.8,23.56
1/31/2017,55.25,3,15.27,24.13
1/30/2017,54.77,3.22,15.19,23.6
1/27/2017,54.8,3.31,14.34,22.63
1/26/2017,55.89,3.44,14.74,22.32
1/25/2017,54.34,3.26,14.47,22.55
1/24/2017,54.7,3.16,14.65,23.11
1/23/2017,54.8,3.16,15.15,23.32
1/20/2017,55.04,3.23,14.38,23.29
1/19/2017,53.18,3.25,15.11,23.78
1/18/2017,53.77,3.26,15.25,22.98
1/17/2017,54.68,3.37,15.67,24.24
1/13/2017,54.37,3.36,14.63,23.26
1/12/2017,54.51,3.36,14.6,23.28
1/11/2017,53.61,3.27,14.96,24.18
1/10/2017,53.2,3.21,14.32,24.29
1/9/2017,54.39,3.14,14.38,25.56
1/6/2017,55.9,3.38,14.55,25.74
1/5/2017,54.99,3.42,14.98,26.13
1/4/2017,54.57,3.42,15.16,26.54
1/3/2017,55.05,3.41,16.26,28.08
12/30/2016,54.96,3.71,16.23,27.44
12/29/2016,54.97,3.71,15.68,27.7
12/28/2016,54.95,3.7,16.04,28.78
12/23/2016,53.93,3.6,16.36,28.76
12/22/2016,54.04,3.5,15.28,27.86
12/21/2016,53.01,3.5,15.82,27.63
12/20/2016,54.56,3.39,16.69,28.87
12/19/2016,53.53,3.55,16.05,26.48
12/16/2016,54.15,3.51,17.55,26.72
12/15/2016,51.72,3.56,17.89,27.9
12/14/2016,53.15,3.55,18.21,25.2
12/13/2016,53.28,3.65,16.17,24.18
12/12/2016,53.99,3.6,16.97,24.1
12/9/2016,52.19,3.75,18.66,25.09
12/8/2016,51.6,3.68,16.48,25.56
12/7/2016,51.9,3.8,16.87,26.89
12/6/2016,52.31,3.75,17.06,26.6
12/5/2016,53.3,3.44,17.56,26.88
12/2/2016,52.35,3.44,18.44,26.76
12/1/2016,52.28,3.32,19.39,27.8
11/30/2016,47.95,3.32,19.18,27.22
11/29/2016,44.68,3.02,17.28,26.3
11/28/2016,46.64,2.96,17.39,26.99
11/25/2016,46.32,2.76,18.47,27.76
11/23/2016,46.54,2.76,18.53,27.02
11/22/2016,46.1,2.73,15.43,24.76
11/21/2016,45.96,2.81,15.86,24.41
11/18/2016,44.41,2.6,17.03,25.93
11/17/2016,44.57,2.37,17.5,26.03
11/16/2016,45.07,2.49,15.77,25.9
11/15/2016,44.15,2.49,16.42,26.59
11/14/2016,41.83,2.26,20.5,30.69
11/11/2016,41.61,2.08,23.25,31.85
11/10/2016,43.67,2.08,18.52,27.66
11/9/2016,43.88,2.22,16.68,26.45
11/8/2016,43.47,2.34,17.93,29.5
11/7/2016,42.83,2.37,18.53,29.17
11/4/2016,43.06,2.2,20.22,30.54
11/3/2016,43.84,2.41,19.98,28.51
11/2/2016,44.26,2.53,19.32,28.82
11/1/2016,45.77,2.53,19.02,28.77
10/31/2016,46.2,2.85,18.13,26.15
10/28/2016,47.78,2.72,16.62,25.65
10/27/2016,49.13,2.72,15,24.89
10/26/2016,48.98,2.69,14.48,25.27
10/25/2016,49.08,2.69,14.55,25.43
10/24/2016,49.8,2.78,14.95,25.67
10/21/2016,50.28,2.92,14.55,24.77
10/20/2016,50.42,3.12,14.68,24.76
10/19/2016,51.85,3.18,14.59,25.29
10/18/2016,49.81,3.25,14.73,25.46
10/17/2016,49.31,3.21,15.23,25.26
10/14/2016,48.87,3.18,15.14,25.61
10/13/2016,49.29,3.16,15.63,26.5
10/12/2016,49.53,3.17,15.61,27.02
10/11/2016,50.48,3.17,15.63,27.47
10/10/2016,51.54,3.18,15.6,27.73
10/7/2016,50.49,3.02,15.72,27.8
10/6/2016,50.14,3.04,16.05,27.58
10/5/2016,49.57,2.83,15.21,28.16
10/4/2016,48.81,2.83,15.8,27.28
10/3/2016,48.61,2.84,14.16,24.52
9/30/2016,48.24,2.84,13.88,23.45
9/29/2016,48.43,2.98,13.86,23.02
9/28/2016,45.49,3.07,13.98,24.23
9/27/2016,44.95,3.09,14.53,25.43
9/26/2016,46.61,3.06,14.98,24.9
9/23/2016,46.71,3.06,13.93,24.57
9/22/2016,47.21,3.18,13.73,25.78
9/21/2016,45.99,3.19,14.69,26.9
9/20/2016,45.24,3.12,15.69,26.17
9/19/2016,46.04,3,15.68,26.25
9/16/2016,45.26,2.97,14.78,24.33
9/15/2016,45.83,2.98,15.07,25.9
9/14/2016,45.65,3.07,15.32,27.33
9/13/2016,46.48,3.04,15.78,26.93
9/12/2016,47.82,3.04,15.2,27.36
9/9/2016,48.37,2.93,15.49,26.69
9/8/2016,49.23,2.88,14.97,24.61
9/7/2016,47,2.77,15,24.95
9/6/2016,46.21,2.88,15.6,26.77
9/2/2016,45.96,2.88,14.58,24.35
9/1/2016,45.05,2.95,16.25,25.96
8/31/2016,47.94,2.95,16.01,24.95
8/30/2016,47.94,2.95,15.99,25.53
8/29/2016,49.66,2.97,15.95,25.8
8/26/2016,49.66,2.91,16.17,25.67
8/25/2016,49.25,2.89,16.73,26.18
8/24/2016,47.56,2.82,16.89,26.72
8/23/2016,48.7,2.75,15.62,26.35
8/22/2016,48.1,2.75,15.82,25.74
8/19/2016,49.39,2.67,15.35,24.5
8/18/2016,49.46,2.75,14.97,24.1
8/17/2016,48.58,2.76,15.83,24.24
8/16/2016,48.27,2.75,16.13,24.18
8/15/2016,47.31,2.75,14.67,23.54
8/12/2016,45.12,2.7,15.01,24.02
8/11/2016,44.23,2.7,15.37,25.67
8/10/2016,42.19,2.76,14.89,26.07
8/9/2016,43.37,2.85,14.41,24.84
8/8/2016,43.24,2.85,15.49,25.76
8/5/2016,42.47,2.88,15.6,26.07
8/4/2016,41.33,2.89,16.06,27.86
8/3/2016,40.45,2.89,16.18,28.2
8/2/2016,40,2.79,16.45,30.8
8/1/2016,40.17,2.97,16.28,30.53
7/29/2016,40.76,2.97,15.8,30.19
7/28/2016,41.87,2.79,16.31,29.28
7/27/2016,42.78,2.84,16.93,31.99
7/26/2016,43.56,2.84,17.45,29.34
7/25/2016,43.76,2.8,17.74,29.81
7/22/2016,44.24,2.8,17.61,29.68
7/21/2016,44.99,2.76,17.77,29.61
7/20/2016,45.82,2.76,17.21,28.58
7/19/2016,45.7,2.83,16.71,27.5
7/18/2016,45.35,2.83,16.96,28.94
7/15/2016,46.25,2.7,16.91,29.62
7/14/2016,46.01,2.79,17.15,31.6
7/13/2016,44.67,2.81,17.61,31.75
7/12/2016,46.72,2.88,17.94,32.33
7/11/2016,44.04,2.88,18.93,34.16
7/8/2016,44.53,2.8,18.79,32.56
7/7/2016,45.93,2.78,20.55,33.1
7/6/2016,45.7,2.82,21.18,36.23
7/5/2016,45.64,2.82,20.09,37.69
7/1/2016,47.65,2.89,18.43,33.35
6/30/2016,48.05,2.94,18.5,29.29
6/29/2016,48.4,2.94,19.26,29.23
6/28/2016,46.29,2.89,20.18,28.93
6/27/2016,45.07,2.79,22.52,31.23
6/24/2016,46.69,2.71,22.2,31.16
6/23/2016,48.63,2.69,20.1,29.94
6/22/2016,48.43,2.82,22.25,30.93
6/21/2016,48.18,2.79,20.65,30.51
6/20/2016,48.68,2.74,21.01,31.33
6/17/2016,46.57,2.59,22.52,32.01
6/16/2016,45.66,2.62,21.95,32.34
6/15/2016,47.47,2.62,20.68,32.85
6/14/2016,47.88,2.55,20.63,32.17
6/13/2016,49.36,2.55,21.11,32.34
6/10/2016,49.7,2.46,20.52,30.51
6/9/2016,50.59,2.34,20.28,30.51
6/8/2016,50.73,2.36,18.76,28.14
6/7/2016,49.76,2.32,17.29,26.36
6/6/2016,48.94,2.32,17.76,26.35
6/3/2016,48.5,2.31,17.45,25.83
6/2/2016,49.05,2.3,16.05,24.89
6/1/2016,48.81,2.25,15.92,25.68
5/31/2016,49.26,2.12,15.83,26.12
5/27/2016,49.09,1.77,15.39,26.11
5/26/2016,49.52,1.77,15.29,26.03
5/25/2016,48.87,1.77,15.98,27.22
5/24/2016,48.42,1.91,16.66,28.75
5/23/2016,47.77,1.96,16.8,29.32
5/20/2016,48.54,1.81,17,28.95
5/19/2016,47.01,1.83,17.85,29.53
5/18/2016,48.93,1.91,18.2,29.9
5/17/2016,48.71,1.97,18.17,29.53
5/16/2016,48.49,1.91,18.49,29.92
5/13/2016,47.05,1.96,18.29,29.32
5/12/2016,46.43,2.01,17.84,29.72
5/11/2016,46.08,2.01,18.35,30.02
5/10/2016,44.01,2.01,18.04,29.57
5/9/2016,42.43,2.01,18.65,30.01
5/6/2016,44.6,1.86,18.65,30.7
5/5/2016,44.39,2.05,18.46,30.33
5/4/2016,43.08,2.03,19.47,30.46
5/3/2016,43.09,1.94,18.7,31.52
5/2/2016,45.82,1.91,19.29,32.39
4/29/2016,45.64,1.89,20.23,32.07
4/28/2016,45.6,1.88,17.9,31.68
4/27/2016,44.17,1.88,16.43,31.38
4/26/2016,43.94,1.97,17.43,32.34
4/25/2016,42.97,1.97,17.66,32.64
4/22/2016,43.97,1.92,17.21,34.15
4/21/2016,43.48,1.96,17.9,34.35
4/20/2016,43.09,1.94,16.69,32.16
4/19/2016,43.02,1.94,17.42,32.12
4/18/2016,41.64,1.76,17.3,28.12
4/15/2016,41.32,1.71,17.41,28.74
4/14/2016,43.02,1.93,17.83,28.69
4/13/2016,42.81,2.01,17.96,29.67
4/12/2016,43.02,1.97,19.09,29.68
4/11/2016,41.58,1.9,19.58,28.73
4/8/2016,40.71,1.99,18.74,25.95
4/7/2016,37.15,1.96,19.32,26.2
4/6/2016,37.77,1.91,17.82,25.85
4/5/2016,35.88,1.96,18.16,25.61
4/4/2016,36.05,1.96,17.95,25.43
4/1/2016,36.42,1.88,18.04,25.45
3/31/2016,36.75,1.98,18.45,26.06
3/30/2016,36.75,1.87,18.58,26.28
3/29/2016,36.75,1.77,19.52,27.08
3/28/2016,38.33,1.78,17.53,26.48
3/24/2016,38.33,1.78,18.09,26.39
3/23/2016,38.84,1.79,18,26.52
3/22/2016,40.54,1.79,17.62,28.35
3/21/2016,39.91,1.79,17.4,28.3
3/18/2016,39.26,1.84,18.15,29.46
3/17/2016,39.29,1.84,18.99,29.67
3/16/2016,38.38,1.77,20.03,27.87
3/15/2016,37.49,1.81,19.7,27.27
3/14/2016,38.06,1.68,21.14,28.06
3/11/2016,39.41,1.74,21.9,28.62
3/10/2016,38.63,1.72,23.14,30.37
3/9/2016,40.26,1.61,22.31,28.98
3/8/2016,39.16,1.6,23.07,29.66
3/7/2016,39.02,1.56,22.08,29.97
3/4/2016,37.61,1.49,22.31,31.3
3/3/2016,35.75,1.59,23.51,30.56
3/2/2016,36.38,1.6,22,28.67
3/1/2016,35.73,1.57,21.97,28.34
2/29/2016,35.92,1.62,22.59,28.21
2/26/2016,35.76,1.78,21.67,27.09
2/25/2016,32.83,1.78,23.36,29.37
2/24/2016,31.5,1.85,24.24,31.24
2/23/2016,31.9,1.85,23.69,28.69
2/22/2016,33.59,1.86,23.31,28.3
2/19/2016,31.66,1.83,24.88,30.01
2/18/2016,33.2,1.89,26.37,31.3
2/17/2016,33.21,1.93,24.53,29.35
2/16/2016,31.09,1.95,24.84,28.93
2/12/2016,31.8,2.08,24.1,30.49
2/11/2016,28.82,2.15,28.37,31.53
2/10/2016,29.64,2.16,21.36,29.03
2/9/2016,30.15,2.17,21.72,29
2/8/2016,31.64,2.23,20.38,29.34
2/5/2016,32.35,2.08,19.58,27.51
2/4/2016,32.76,2.07,17.39,25.69
2/3/2016,32.38,2.06,17.84,26.52
2/2/2016,30.98,2.07,16.2,24.69
2/1/2016,32.45,2.28,16.81,24.73
1/29/2016,33.14,2.28,15.73,23.25
1/28/2016,33.01,2.15,15.41,23.93
1/27/2016,31.83,2.26,16.71,25.64
1/26/2016,30.94,2.26,17.26,26.7
1/25/2016,29.82,2.16,17.13,26.15
1/22/2016,30.46,2.21,15.91,26.01
1/21/2016,27.59,2.22,16.77,26.89
1/20/2016,26.01,2.18,16.56,27.14
1/19/2016,27.36,2.23,16.17,27.01
1/15/2016,28.8,2.18,17.42,28.17
1/14/2016,28.84,2.21,16.16,27.29
1/13/2016,28.58,2.28,16.99,26.55
1/12/2016,29.14,2.4,16.61,25.56
1/11/2016,30.14,2.54,16.43,25.12
1/8/2016,31.67,2.47,17.62,26.28
1/7/2016,33.57,2.35,17.42,26.38
1/6/2016,33.89,2.37,16.3,25.21
1/5/2016,35.56,2.33,15.2,24.6
1/4/2016,36.28,2.39,16.07,25.14
12/31/2015,36.61,2.28,14.99,23.62
12/30/2015,35.65,2.28,15.25,25.04
12/29/2015,36.85,2.39,15.22,25.44
12/28/2015,37.08,2.11,16.06,25.59
12/24/2015,37.22,1.63,15.02,23.19
12/23/2015,35.79,1.63,14.94,22.9
12/22/2015,35.26,1.73,15.17,23.58
12/21/2015,35.34,1.76,15.32,24.87
12/18/2015,36.76,1.74,15.06,26.65
12/17/2015,36.29,1.79,16.06,28.15
12/16/2015,36.96,1.7,15.41,27.78
12/15/2015,37.66,1.66,18.09,29.69
12/14/2015,36.51,1.7,19.05,30.01
12/11/2015,36.99,1.79,18.16,30.38
12/10/2015,38.65,1.95,17.07,28.4
12/9/2015,39.04,2,17.39,28.07
12/8/2015,39.44,2.01,16.12,28.22
12/7/2015,39.69,2.06,16.23,28.44
12/4/2015,41.44,2.1,15.96,27.31
12/3/2015,42,2.14,17.76,28.82
12/2/2015,41.92,2.19,17.36,28.46
12/1/2015,42.97,2.11,16.62,28.35
11/30/2015,43.73,2.11,16.91,28.95
11/27/2015,43.07,2.14,17.16,29.46
11/25/2015,43.56,2.14,16.39,29.28
11/24/2015,44.38,2.14,16.72,28.74
11/23/2015,43.7,2.18,17.7,29.29
11/20/2015,42.49,2.18,17.26,28.86
11/19/2015,42.22,2.1,18.04,29.82
11/18/2015,41.45,2.1,19.4,30.38
11/17/2015,41.28,2.05,20.17,30.91
11/16/2015,40.28,2.02,18.5,28.81
11/13/2015,41.98,2.02,18.29,29.65
11/12/2015,44.98,2.05,18.47,30.06
11/11/2015,44.98,2.13,17.89,29.63
11/10/2015,46.44,2.14,17.36,28.86
11/9/2015,45.38,2.19,17.55,28.13
11/6/2015,46.09,2.19,17.36,26.77
11/5/2015,47.19,2.04,17.82,26.84
11/4/2015,46.96,2.04,18.02,26.31
11/3/2015,48,1.92,17.19,25.76
11/2/2015,47.91,1.92,15.28,26.19
10/30/2015,48,1.98,15.39,25.65
10/29/2015,48.04,2.15,15.77,26.53
10/28/2015,47.6,2.14,15.63,26.6
10/27/2015,45.54,2.14,15.3,26.9
10/26/2015,46.57,2.18,15.78,27.13
10/23/2015,46.3,2.28,15.59,26.52
10/22/2015,46.59,2.37,15.59,26.76
10/21/2015,46.72,2.37,15.9,26.93
10/20/2015,46.93,2.46,16.79,26.57
10/19/2015,47.51,2.43,16.94,27.42
10/16/2015,48.96,2.42,16.59,27.02
10/15/2015,47.87,2.54,17.9,28.01
10/14/2015,48.25,2.47,18.35,29.73
10/13/2015,48.94,2.47,17.14,29.14
10/12/2015,50.95,2.48,16.24,29.81
10/9/2015,52.08,2.49,16.92,29.46
10/8/2015,52.13,2.35,16.91,30.01
10/7/2015,51.66,2.35,17.13,30.22
10/6/2015,51.34,2.35,17.54,31.06
10/5/2015,49.45,2.34,16.68,30.59
10/2/2015,46.55,2.37,16.71,29.68
10/1/2015,47.48,2.37,16.9,29.76
9/30/2015,47.29,2.47,17.47,30.08
9/29/2015,47.58,2.57,17.67,30.5
9/28/2015,46.04,2.66,18.28,30.59
9/25/2015,47.28,2.6,18.33,28.75
9/24/2015,47.06,2.62,19.26,29.6
9/23/2015,48,2.62,17.34,29.37
9/22/2015,46.69,2.61,17.35,30.24
9/21/2015,47.64,2.61,16.59,28.72
9/18/2015,47.28,2.69,16.46,29.85
9/17/2015,48.27,2.69,16.63,31.47
9/16/2015,49.35,2.69,18.05,32.7
9/15/2015,45.91,2.74,17.69,32.55
9/14/2015,45.87,2.7,17.63,33.1
9/11/2015,46.87,2.67,17.38,32.66
9/10/2015,47.77,2.71,16.89,32.24
9/9/2015,48.04,2.74,17.8,33.29
9/8/2015,48.88,2.74,18.31,33.37
9/4/2015,48.59,2.67,18.62,33.61
9/3/2015,50.41,2.67,18.57,33.25
9/2/2015,47.67,2.7,18.65,34.02
9/1/2015,48.8,2.7,19.65,33.82
8/28/2015,47.97,2.69,18.8,33.7
8/27/2015,44.46,2.69,18.74,33.59
8/26/2015,41.76,2.73,20.03,37.72
8/25/2015,41.86,2.71,20.2,35.9
8/24/2015,41.59,2.65,21.26,35.68
8/21/2015,43.84,2.7,18.48,31.17
8/20/2015,45.63,2.77,16.87,29.21
8/19/2015,45.75,2.77,15.96,28.06
8/18/2015,47,2.71,15.84,28.9
8/17/2015,47.77,2.79,15.4,27.37
8/14/2015,47.79,2.83,15.59,28.16
8/13/2015,48.01,2.93,15.84,28.4
8/12/2015,48.29,2.93,16.8,28.16
8/11/2015,47.33,2.84,16.53,28.21
8/10/2015,48.3,2.85,16.41,27.53
8/7/2015,47.54,2.76,16.59,27.73
8/6/2015,47.8,2.76,17.25,29.08
8/5/2015,49.04,2.85,17.74,28.26
8/4/2015,49.08,2.83,17.24,27.52
8/3/2015,49.49,2.76,17.58,27.25
7/31/2015,53.29,2.76,16.79,27.1
7/30/2015,54.29,2.87,17.07,27.74
7/29/2015,54.73,2.91,17.22,27.81
7/28/2015,54.3,2.89,18.4,29.88
7/27/2015,54.07,2.92,20.06,31.9
7/24/2015,54.29,2.92,19.27,31.57
7/23/2015,55.76,2.92,19.39,29.81
7/22/2015,56.36,2.84,19.59,30.23
7/21/2015,55.94,2.84,19.56,29.87
7/20/2015,56.42,2.88,19.73,32.72
7/17/2015,56.38,2.88,16.32,29.66
7/16/2015,57.31,2.9,14.05,29.1
7/15/2015,57.34,2.93,14.35,28.92
7/14/2015,57.2,2.88,13.25,27.34
7/13/2015,57.63,2.88,13.43,26.76
7/10/2015,57.72,2.7,14.42,27.81
7/9/2015,57.83,2.7,15.47,29.49
7/8/2015,55.7,2.77,15.78,30.46
7/7/2015,54.72,2.77,15.23,30.08
7/6/2015,57.19,2.79,14.25,25
7/2/2015,61.73,2.79,14.42,24.14
7/1/2015,61.65,2.78,14.86,24.64
6/30/2015,60.31,2.8,15.34,25.08
6/29/2015,59.03,2.77,14.5,24.38
6/26/2015,60.14,2.77,13.22,22.87
6/25/2015,60.24,2.8,13.12,23.49
6/24/2015,61.63,2.83,13.83,24.91
6/23/2015,61.67,2.83,13.89,24.8
6/22/2015,60.54,2.79,13.85,24.33
6/19/2015,59.41,2.81,13.26,24.99
6/18/2015,61.37,2.93,13.53,24.76
6/17/2015,60.75,2.93,13.58,25.1
6/16/2015,60.75,2.94,14.36,26.14
6/15/2015,60.99,2.89,14.34,26.48
6/12/2015,63.19,2.88,13.99,25.92
6/11/2015,63.76,2.88,14.3,26.15
6/10/2015,64.68,2.81,14.37,26.62
6/9/2015,63.23,2.72,14.83,26.53
6/8/2015,61.33,2.6,15.14,27.67
6/5/2015,60.36,2.6,15.12,26.98
6/4/2015,60.34,2.6,16.01,27.92
6/3/2015,62.78,2.65,15.15,26.63
6/2/2015,63.14,2.63,14.86,26.3
6/1/2015,62.87,2.78,14.88,27.25
5/29/2015,63.16,2.78,13.99,24.7
5/28/2015,60.12,2.78,14.51,26.41
5/27/2015,61.35,2.82,14.08,26.31
5/26/2015,61.65,2.82,15.22,26.99
5/22/2015,64.7,2.96,14.19,25.35
5/21/2015,64.7,2.96,14.62,26.07
5/20/2015,63.52,3.04,15.25,26.82
5/19/2015,63.48,3.01,15.88,27.7
5/18/2015,65.15,3.01,15.81,26.47
5/15/2015,64.69,2.96,15.48,25.99
5/14/2015,65.58,2.87,16.21,26.52
5/13/2015,66.33,2.85,15.93,25.94
5/12/2015,65.09,2.85,15.63,26.61
5/11/2015,62.82,2.85,15.94,26.1
5/8/2015,63.82,2.78,15.84,26.7
5/7/2015,64.93,2.74,17.91,28.76
5/6/2015,66.22,2.76,17.53,28.33
5/5/2015,65.44,2.76,17.15,28.66
5/4/2015,64.62,2.72,17.62,28.19
5/1/2015,64.13,2.68,17.29,27.77
4/30/2015,63.9,2.56,16.76,27.39
4/29/2015,63.97,2.55,15.95,27.45
4/28/2015,62.61,2.55,16.19,27.41
4/27/2015,62.86,2.5,16.42,28.2
4/24/2015,62.96,2.59,16.39,29.09
4/23/2015,62.66,2.59,15.87,27.97
4/22/2015,60.12,2.63,15.79,27.66
4/21/2015,60.12,2.59,15.04,27.36
4/20/2015,61.2,2.57,15.39,27.73
4/17/2015,61.31,2.67,14.47,26.75
4/16/2015,60.13,2.61,14.54,26.83
4/15/2015,59.32,2.62,14.6,26.48
4/14/2015,57.69,2.58,15.18,27.25
4/13/2015,57.14,2.58,14.79,27.68
4/10/2015,56.82,2.58,14.23,28.12
4/9/2015,56.04,2.72,15,28.9
4/8/2015,56.42,2.71,14.79,27.78
4/7/2015,57.55,2.71,15.2,27.19
4/6/2015,55.73,2.63,15.74,27.85
4/2/2015,55.73,2.63,16.01,27.97
4/1/2015,55.73,2.62,16.04,28.62
3/31/2015,53.69,2.65,16.34,28.69
3/30/2015,53.99,2.64,16.64,29.02
3/27/2015,56.44,2.89,15.83,28.76
3/26/2015,57.02,2.77,16.02,28.75
3/25/2015,54.18,2.77,16.38,28.3
3/24/2015,53.61,2.79,16.84,29.41
3/23/2015,53.82,2.72,17.26,29.64
3/20/2015,53.88,2.86,17.21,29.27
3/19/2015,52.96,2.86,17.25,28.16
3/18/2015,52.59,2.8,18.65,31.56
3/17/2015,52.17,2.82,20.83,32.18
3/16/2015,52,2.68,19.14,31.63
3/13/2015,54.8,2.72,18.9,31.72
3/12/2015,56.66,2.82,19.07,32.52
3/11/2015,56.46,2.76,20.01,33.07
3/10/2015,55.95,2.76,18.97,31.11
3/9/2015,58.67,2.75,17.58,31.53
3/6/2015,59.15,2.89,18.43,31.14
3/5/2015,60.33,3.27,16.9,30.67
3/4/2015,59.18,3.27,16.66,30.6
3/3/2015,61.18,3,16.76,31.35
3/2/2015,60.75,2.79,16.38,31.55
2/27/2015,61.89,2.79,15.91,30.52
2/26/2015,61.39,3.21,16.65,31.26
2/25/2015,59.77,3.21,17.4,31.82
2/24/2015,60.33,3.22,18.77,33.38
2/23/2015,59.78,3.22,19.4,34.22
2/20/2015,60.99,3.02,19.26,35.04
2/19/2015,58.78,2.92,18.62,33.72
2/18/2015,60.72,2.92,19.54,35.23
2/17/2015,60.78,2.75,19.61,35.83
2/13/2015,60.33,2.75,18.49,31.81
2/12/2015,56.23,2.86,19.31,32.33
2/11/2015,53.48,2.86,20.07,33.58
2/10/2015,55.79,2.67,19.71,33.74
2/9/2015,57,2.62,20.3,33.89
2/6/2015,55.88,2.66,20.59,34.34
2/5/2015,55.98,2.66,20.06,33.71
2/4/2015,55.07,2.73,20.36,33.24
2/3/2015,54.41,2.67,20.3,33.89
2/2/2015,51.74,2.88,20.33,34.69
1/30/2015,47.52,2.88,19.65,34.86
1/29/2015,46.61,2.88,20.25,36.28
1/28/2015,47.07,2.89,19.31,32.91
1/27/2015,46.55,2.96,20.16,33.72
1/26/2015,46.07,2.92,20.04,33.58
1/23/2015,46.69,2.96,20.62,33.8
1/22/2015,46.09,2.95,21.25,34.45
1/21/2015,46.5,2.94,22.34,37.14
1/20/2015,46.49,2.94,23.43,37.74
1/16/2015,47.38,3.11,22.66,38.07
1/15/2015,47.66,3.32,21.83,35.71
1/14/2015,45.82,3.15,18.52,33.45
1/13/2015,45.13,2.92,17.63,31.72
1/12/2015,46.9,2.9,17.65,30.36
1/9/2015,47.64,2.96,18.44,30.76
1/8/2015,49.43,2.92,19.2,32.13
1/7/2015,49.06,3.08,20.35,32.9
1/6/2015,50.12,2.98,20.78,33.95
1/5/2015,51.08,3.22,21.26,35.12
1/2/2015,55.38,3.01,20.23,35.19
12/31/2014,55.27,3.14,20.08,36.65
12/30/2014,55.6,3.14,19.48,32.43
12/29/2014,57.86,3.07,20.15,35.23
12/26/2014,58.72,2.74,18.92,32.17
12/24/2014,58.67,2.99,19.37,32.98
12/23/2014,59.07,2.99,19.76,33.28
12/22/2014,58.31,3.05,20.26,34.74
12/19/2014,58.87,3.71,18.68,33.61
12/18/2014,58.81,3.71,19.28,34.88
12/17/2014,59.84,3.72,20.9,39.3
12/16/2014,60.26,3.58,22.08,39.84
12/15/2014,61.09,3.72,20.95,35.87
12/12/2014,61.67,3.91,19.66,33.92
12/11/2014,63.65,3.68,19.11,33.35
12/10/2014,63.32,3.65,19.27,33.57
12/9/2014,66.11,3.63,20.04,32.69
12/8/2014,65.64,3.42,19.62,33.65
12/5/2014,68,3.42,20.02,33.34
12/4/2014,68.48,3.63,20.29,34.93
12/3/2014,70.13,3.63,20.62,35.15
12/2/2014,71.13,3.77,21.29,36.82
12/1/2014,70.87,4.3,22.33,40.68
11/28/2014,71.89,4.3,25.17,38.41
11/26/2014,77.39,4.15,21.24,31.2
11/25/2014,77.62,4.09,20.67,30.86
11/24/2014,79.62,4.09,20.64,31.33
11/21/2014,79.2,4.32,21.23,32.41
11/20/2014,77.61,4.41,21.5,33.86
11/19/2014,77.21,4.41,24.26,37.84
11/18/2014,77.23,4.33,23.97,36.09
11/17/2014,76.86,4.26,23.37,37.14
11/14/2014,77.51,4.05,23.36,36.32
11/13/2014,77.74,4.2,20.98,32.02
11/12/2014,80.42,4.2,21.29,34.67
11/11/2014,80.94,4.18,21.43,35.05
11/10/2014,82.9,4.18,22.23,33.55
11/7/2014,83.2,3.92,21.38,35.91
11/6/2014,82.08,3.92,23.18,39.23
11/5/2014,82.88,3.83,23.38,41
11/4/2014,82.12,3.67,20.1,36.28
11/3/2014,84.9,3.82,21.1,37.27
10/31/2014,84.17,3.82,21.54,38.4
10/30/2014,85.5,3.76,18.08,33.96
10/29/2014,86.91,3.6,16.75,29.13
10/28/2014,85.57,3.53,16.3,28.47
10/27/2014,85.64,3.56,16.49,27.7
10/24/2014,86,3.53,16.24,27.2
10/23/2014,85.94,3.6,16.91,27.29
10/22/2014,86.38,3.69,16.58,27.6
10/21/2014,85.17,3.62,17.01,26.19
10/20/2014,84.42,3.69,17.27,29.02
10/17/2014,85.27,3.73,18.08,31.07
10/16/2014,84.02,3.8,19.68,32.14
10/15/2014,84.02,3.81,20.04,32.79
10/14/2014,86.36,3.91,17.98,29.36
10/13/2014,87.82,3.87,17.69,31.49
10/10/2014,88.66,3.86,18.11,30.79
10/9/2014,90.47,3.87,17.86,30.94
10/8/2014,90.25,3.88,17.5,29.61
10/7/2014,90.9,3.88,17.56,29.84
10/6/2014,90.65,3.89,17.6,29.5
10/3/2014,90.8,3.94,19.13,31.21
10/2/2014,91.29,4,18.2,34.42
10/1/2014,94.57,4.14,18.73,35.34
9/30/2014,94.67,4.14,18.83,36.99
9/29/2014,95.7,3.89,17.17,30.41
9/26/2014,95.08,3.89,17.84,31.39
9/25/2014,95.2,3.89,17.99,33.37
9/24/2014,94.53,3.84,17.21,29.38
9/23/2014,94.87,3.9,16.65,27.58
9/22/2014,95.37,3.88,16.44,27.91
9/19/2014,96.75,3.99,16.9,26.64
9/18/2014,96.82,3.99,15.5,20.68
9/17/2014,97.7,3.97,17.14,20.93
9/16/2014,97.39,3.85,16.58,21.02
9/15/2014,96.43,3.92,16.5,21.98
9/12/2014,96.31,3.82,17.86,22.89
9/11/2014,96.42,3.94,16.42,22.56
9/10/2014,96.26,3.98,15.89,20.8
9/9/2014,98.08,3.93,15.36,19.79
9/8/2014,99.53,3.86,14.47,20.29
9/5/2014,99.51,3.86,13.27,19.14
9/4/2014,101.21,3.91,14.01,20.12
9/3/2014,100.88,3.94,13.44,19.62
9/2/2014,100.21,4.01,14.05,20.36
8/29/2014,101.12,4.04,12.85,19.59
8/28/2014,100.71,4.06,12.9,20
8/27/2014,100.4,4.02,12.72,19.33
8/26/2014,100.5,3.99,13.24,19.83
8/25/2014,100.49,3.94,13.55,20.36
8/22/2014,100.09,3.88,13.46,19.68
8/21/2014,100.28,3.88,13.84,19.66
8/20/2014,99.92,3.88,13.51,19.34
8/19/2014,99.74,3.84,13.43,19.43
8/18/2014,99.37,3.78,13.46,19.61
8/15/2014,101.13,3.8,13.33,19.82
8/14/2014,101.15,3.85,12.55,18.64
8/13/2014,102.27,3.9,13.53,20.17
8/12/2014,101.68,3.94,14.35,20.43
8/11/2014,103.47,4,14.49,20.67
8/8/2014,103.36,3.94,14.85,20.74
8/7/2014,104.02,3.99,14.82,20.77
8/6/2014,104.17,3.92,14.51,21.19
8/5/2014,102.82,3.87,14.76,21.41
8/4/2014,103.63,3.87,14.17,20.37
8/1/2014,103.45,3.77,14.37,20.64
7/31/2014,104.94,3.78,15.46,21.85
7/30/2014,106.47,3.78,14.85,22.43
7/29/2014,106.98,3.79,15.05,22.85
7/28/2014,106.7,3.84,14.55,22.44
7/25/2014,106.89,3.86,14.68,22.55
7/24/2014,105.78,3.83,14.33,22.45
7/23/2014,106.85,3.83,14.07,21.11
7/22/2014,106.48,3.81,14.62,21.56
7/21/2014,105.71,3.87,14.69,21.84
7/18/2014,106.03,4.08,14.35,21.67
7/17/2014,106.04,4.04,15.52,23.58
7/16/2014,105.41,4.16,14.67,22.2
7/15/2014,104.73,4.13,14.73,22.17
7/14/2014,104.73,4.13,14.23,22.54
7/11/2014,105.77,4.13,13.27,21.6
7/10/2014,106.2,4.15,12.91,21.95
7/9/2014,106.84,4.17,13.05,22.06
7/8/2014,107.65,4.18,12.83,21.99
7/7/2014,108.7,4.31,12.99,21.73
7/3/2014,108.98,4.31,12.99,21.75
7/2/2014,110.18,4.47,13.89,22.49
7/1/2014,110.84,4.47,13.74,22.48
6/30/2014,111.03,4.39,14.01,23.33
6/27/2014,112.62,4.39,12.64,21.78
6/26/2014,112.61,4.58,12.76,22.1
6/25/2014,112.84,4.58,12.92,22.39
6/24/2014,113.74,4.49,12.96,22.27
6/23/2014,113.62,4.53,12.93,21.9
6/20/2014,114.55,4.53,12.79,22.23
6/19/2014,115.19,4.67,14.48,24.64
6/18/2014,114.25,4.68,12.11,19.85
6/17/2014,114.02,4.68,12.53,19.65
6/16/2014,113.42,4.71,12.41,19.6
6/13/2014,113.15,4.7,12.52,19.18
6/12/2014,112.18,4.51,12.91,19.08
6/11/2014,109.83,4.51,12.36,18.47
6/10/2014,109.18,4.67,12.37,18.33
6/9/2014,110.55,4.67,12.77,19.32
6/6/2014,109.21,4.66,13.22,20.23
6/5/2014,108.43,4.66,14.15,21.86
6/4/2014,109.07,4.62,14.79,21.86
6/3/2014,108.87,4.62,15.05,22.61
6/2/2014,109.34,4.49,15.55,23.19
5/30/2014,109.21,4.49,15.34,23.69
5/29/2014,109.98,4.63,15.01,22.82
5/28/2014,109.09,4.56,15.8,23.37
5/27/2014,109.81,4.4,16.21,24.21
5/23/2014,110.19,4.4,14.52,22.74
5/22/2014,110.89,4.57,13.98,23.25
5/21/2014,111.32,4.57,14.36,23.47
5/20/2014,110.35,4.53,14.07,23.02
5/19/2014,110.84,4.54,14.23,23.74
5/16/2014,110.9,4.42,14.04,23.7
5/15/2014,109.74,4.42,14.57,24.37
5/14/2014,109.87,4.47,13.76,25.15
5/13/2014,108.78,4.47,13.61,23.8
5/12/2014,108.37,4.52,14.04,25.57
5/9/2014,108.26,4.59,14.76,25.75
5/8/2014,108.19,4.77,14.87,25.54
5/7/2014,108.17,4.82,15.4,26.23
5/6/2014,108.3,4.8,15.02,25.52
5/5/2014,109.48,4.73,15.51,26.3
5/2/2014,109.48,4.73,14.85,26.43
5/1/2014,108.63,4.79,15.15,26.78
4/30/2014,108.63,4.79,15.52,26.16
4/29/2014,109.89,4.78,15.31,24.24
4/28/2014,109.12,4.72,15.56,24.6
4/25/2014,109.53,4.83,16.07,24.27
4/24/2014,109.79,4.81,15.86,24.99
4/23/2014,108.48,4.81,15.61,25.04
4/22/2014,108.54,4.76,16.19,26.73
4/21/2014,109.69,4.76,16.22,25.9
4/17/2014,109.79,4.64,15.96,25.34
4/16/2014,109.71,4.64,15.44,26.28
4/15/2014,109.1,4.69,16.1,27.43
4/14/2014,107.68,4.64,15.34,26.08
4/11/2014,107.34,4.67,15.19,25.83
4/10/2014,107.1,4.67,15.06,25.52
4/9/2014,107.39,4.67,14.83,24.91
4/8/2014,105.83,4.57,15.99,25.41
4/7/2014,104.89,4.58,15.95,25.31
4/4/2014,106.41,4.49,15.81,25
4/3/2014,104.88,4.51,16.01,24.74
4/2/2014,103.37,4.39,16.19,25.31
4/1/2014,105.7,4.39,16.65,25.65
3/31/2014,105.95,4.48,17.37,27.09
3/28/2014,106.64,4.5,17.48,27.23
3/27/2014,106.58,4.39,17.6,28.67
3/26/2014,105.9,4.44,17.32,28.73
3/25/2014,107.01,4.53,17.16,28.6
3/24/2014,106.59,4.42,17.53,29.06
3/21/2014,107.2,4.33,16.43,28.19
3/20/2014,105.73,4.39,16.91,28.63
3/19/2014,105.95,4.43,17.59,29.73
3/18/2014,106.79,4.42,17.37,31.33
3/17/2014,106.99,4.57,17.87,30.84
3/14/2014,108.08,4.4,18.32,30.98
3/13/2014,107.48,4.41,17.3,29.62
3/12/2014,107.88,4.72,16.67,29.59
3/11/2014,108.35,4.67,16.14,28.79
3/10/2014,108.27,4.67,15.83,28.16
3/7/2014,109.14,4.78,15.82,27.94
3/6/2014,107.99,4.89,16.31,28.65
3/5/2014,108.15,6.46,16.58,28.19
3/4/2014,109.17,7.98,16.75,28.18
3/3/2014,111.26,7.09,17.05,29.54
2/28/2014,108.98,4.8,16.07,27.91
2/27/2014,108.54,4.61,15.75,28.84
2/26/2014,109.39,4.81,16.46,30.83
2/25/2014,109.19,5.21,15.86,29.76
2/24/2014,109.76,6.08,15.94,30.72
2/21/2014,109.03,6.24,15.73,32.03
2/20/2014,109.42,5.96,16.07,31.08
2/19/2014,110.37,6,16.48,31.57
2/18/2014,110.14,5.8,16.28,31.56
2/14/2014,108.63,5.54,16.26,31.07
2/13/2014,108.98,5.34,16.13,29.29
2/12/2014,108.62,5.96,16.23,28.49
2/11/2014,109.21,7.75,16.81,29.13
2/10/2014,110.18,8.15,17.08,28.25
2/7/2014,110.12,5.92,16.59,26.86
2/6/2014,108.15,6.9,17.93,30.28
2/5/2014,106.81,8.12,18.52,30.21
2/4/2014,107.04,5.78,18.51,29.7
2/3/2014,106.55,5.04,19.15,31.27
1/31/2014,108.16,5.04,18.62,31.26
1/30/2014,109.36,5.27,17.97,31.02
1/29/2014,108.83,5.23,17.45,30.72
1/28/2014,109.1,5.25,18.71,31.37
1/27/2014,108.72,5.66,18.38,31.98
1/24/2014,109.14,5.17,17.54,31.79
1/23/2014,109.69,5.64,16.01,30.13
1/22/2014,109.69,4.92,15.62,28.96
1/21/2014,109.17,4.61,15.97,29.19
1/17/2014,108.45,4.39,14.34,27.87
1/16/2014,107.46,4.55,15.39,28.93
1/15/2014,108.09,4.45,16.43,28.88
1/14/2014,107.12,4.36,16.5,29.05
1/13/2014,108.02,4.19,16.67,29.6
1/10/2014,106.44,3.95,17.27,29.09
1/9/2014,107.49,4.15,18.46,30.51
1/8/2014,107.42,4.36,19.43,31.73
1/7/2014,107.01,4.58,19.12,31.48
1/6/2014,106.71,4.5,19.5,31.28
1/3/2014,106.57,4.39,19.19,31.07
1/2/2014,107.94,4.32,20.42,31.88
12/31/2013,109.95,4.31,21.65,33.87
12/30/2013,110.47,4.41,20.75,31.94
12/27/2013,112.06,4.34,19.1,30.39
12/26/2013,111.65,4.4,19.84,30.63
12/24/2013,111.57,4.52,20.08,30.89
12/23/2013,111.58,4.52,20.76,31.5
12/20/2013,112.15,4.35,21.01,32.88
12/19/2013,110.78,4.25,22.07,33.51
12/18/2013,109.56,4.25,21.39,32.54
12/17/2013,108.91,4.2,21.79,34.61
12/16/2013,110.3,4.21,21.91,35.41
12/13/2013,108.08,4.44,21.87,33
12/12/2013,108.99,4.4,22.24,33.5
12/11/2013,109.47,4.24,20.02,31.91
12/10/2013,108.91,4.24,19.63,32.43
12/9/2013,110.07,4.24,20.65,31.91
12/6/2013,111.5,4.15,20.5,32.31
12/5/2013,112.07,3.97,21.78,34.25
12/4/2013,113.27,3.89,20.82,33.31
12/3/2013,113.06,3.84,21.09,34.34
12/2/2013,111.49,3.85,21.43,34.88
11/29/2013,111.07,3.87,19.33,30.14
11/27/2013,111.32,3.87,19.75,30.26
11/26/2013,112.04,3.87,19.68,29.48
11/25/2013,110.83,3.85,20.02,30.04
11/22/2013,111.36,3.78,20.33,30.27
11/21/2013,109.9,3.68,21.3,32.25
11/20/2013,108.27,3.63,23.04,34.17
11/19/2013,108.29,3.63,19.45,31.02
11/18/2013,108.8,3.71,19.52,31.42
11/15/2013,108.25,3.56,18.03,30.02
11/14/2013,108.29,3.52,19.44,32.92
11/13/2013,106.9,3.69,20.46,33.74
11/12/2013,106.29,3.69,21.2,33.46
11/11/2013,105.76,3.62,19.15,30.47
11/8/2013,104.29,3.54,19.37,30.23
11/7/2013,103.08,3.59,20.01,30.44
11/6/2013,105.46,3.46,19.43,30.23
11/5/2013,105.01,3.37,20.19,30.43
11/4/2013,104.85,3.38,20.3,30.94
11/1/2013,105.78,3.45,20.68,31.22
10/31/2013,107.53,3.57,20.57,31.93
10/30/2013,108.41,3.55,20.81,31.32
10/29/2013,108.04,3.57,20.65,32.07
10/28/2013,108.29,3.61,20.32,32.71
10/25/2013,105.7,3.69,19.9,32.66
10/24/2013,106.63,3.65,20.67,33.19
10/23/2013,107.74,3.66,20.52,33.66
10/22/2013,109.57,3.7,20.75,34.59
10/21/2013,109.47,3.77,21.52,35.01
10/18/2013,109.4,3.72,21.43,34.96
10/17/2013,109.55,3.75,22.31,35.71
10/16/2013,110.79,3.84,24.72,36.62
10/15/2013,110.67,3.83,26.07,38.09
10/14/2013,110.13,3.82,26.45,38.31
10/11/2013,110.65,3.74,25.83,37.97
10/10/2013,111.63,3.74,25.36,37.52
10/9/2013,109.02,3.7,25.81,38.47
10/8/2013,110.56,3.72,25.44,38.1
10/7/2013,109.66,3.62,24.81,38.29
10/4/2013,109.42,3.57,24.77,36.98
10/3/2013,109.49,3.58,24.54,37.73
10/2/2013,109.09,3.63,24.04,37.64
10/1/2013,107.32,3.56,25.48,38.96
9/30/2013,107.85,3.48,23.72,38.03
9/27/2013,109.45,3.51,22.57,36.39
9/26/2013,108.86,3.49,21.79,36.21
9/25/2013,109.46,3.52,21.97,37.09
9/24/2013,107.68,3.59,22.84,37.96
9/23/2013,108.56,3.66,22.7,38.95
9/20/2013,110.22,3.68,22.27,38.14
9/19/2013,110.66,3.73,21.75,37.57
9/18/2013,109.09,3.72,23.2,41.13
9/17/2013,109.05,3.77,25.35,40.97
9/16/2013,110.86,3.64,25.12,40.78
9/13/2013,113.31,3.6,24.88,40.78
9/12/2013,113.11,3.57,25.09,40.73
9/11/2013,112.37,3.6,22.63,37.11
9/10/2013,112.1,3.65,22.58,38.77
9/9/2013,115.2,3.62,22.04,38.24
9/6/2013,117.15,3.55,23.59,39.78
9/5/2013,115.81,3.7,25.64,41.81
9/4/2013,115.65,3.68,24.61,41.95
9/3/2013,115.49,3.64,25.2,42.23
8/30/2013,115.97,3.57,24.44,40.87
8/29/2013,116.91,3.58,24.36,40.32
8/28/2013,116.27,3.54,25.89,41.16
8/27/2013,115.21,3.5,23.9,40.93
8/26/2013,112.23,3.55,23.67,40.06
8/23/2013,112.12,3.5,22.63,38.77
8/22/2013,110.51,3.52,22.69,36.58
8/21/2013,110.82,3.51,23.28,37.91
8/20/2013,110.74,3.48,23.82,37.99
8/19/2013,111.41,3.46,24.25,38.14
8/16/2013,111.82,3.35,22.97,38.95
8/15/2013,111.58,3.34,22.45,39.62
8/14/2013,110.26,3.36,21.21,33.82
8/13/2013,110.69,3.34,21.37,33.55
8/12/2013,109.28,3.34,21.58,34.19
8/9/2013,108.49,3.32,21.5,33.29
8/8/2013,107.32,3.27,21.71,32.17
8/7/2013,108.39,3.32,23.49,32.9
8/6/2013,108.77,3.35,23.82,33.49
8/5/2013,109.81,3.33,23.49,32.83
8/2/2013,109.63,3.39,24.24,33.45
8/1/2013,109.94,3.44,24.61,35.63
7/31/2013,107.89,3.46,24.99,36.13
7/30/2013,107.47,3.48,23.72,34.98
7/29/2013,108.1,3.49,22.77,34.55
7/26/2013,107.57,3.59,22.22,33.69
7/25/2013,108.1,3.68,21.77,33.57
7/24/2013,108.23,3.7,22.61,34.16
7/23/2013,109.27,3.68,21.66,33.92
7/22/2013,108.82,3.71,21.76,34.78
7/19/2013,109.34,3.78,21.19,33.94
7/18/2013,109.71,3.66,22.52,34.74
7/17/2013,109.67,3.67,23.61,36.22
7/16/2013,109.29,3.69,23.2,34.27
7/15/2013,109.05,3.67,23.53,34.85
7/12/2013,109.03,3.61,24.07,34.79
7/11/2013,108.18,3.64,23.85,35.89
7/10/2013,108.43,3.69,26.24,38.69
7/9/2013,107.9,3.69,25.68,39.59
7/8/2013,107.75,3.65,26.79,41.69
7/5/2013,107.46,3.52,27.15,43.2
7/3/2013,106.12,3.54,27.25,40.71
7/2/2013,103.96,3.58,28.19,40.82
7/1/2013,103.19,3.52,28.84,42.75
6/28/2013,102.49,3.57,31.84,46.26
6/27/2013,102.74,3.73,33.51,47.87
6/26/2013,100.62,3.72,31.43,45.7
6/25/2013,101.51,3.77,25.86,40.29
6/24/2013,99.8,3.81,27.69,43.05
6/21/2013,100.36,3.85,27.19,43.04
6/20/2013,102.72,3.9,29.94,47.77
6/19/2013,105.56,3.93,22.53,36.27
6/18/2013,105.21,3.9,22.7,36.8
6/17/2013,105.8,3.78,21.27,35.57
6/14/2013,105.1,3.76,20.91,34.85
6/13/2013,103.38,3.73,22.69,36.8
6/12/2013,103.11,3.74,22.04,36.82
6/11/2013,101.5,3.77,23.27,38.29
6/10/2013,103.87,3.85,22.68,36.49
6/7/2013,104.07,3.79,23.58,41.16
6/6/2013,103.37,3.93,22.33,35.19
6/5/2013,103.51,3.99,22.65,35.34
6/4/2013,102.04,4,22.32,35.17
6/3/2013,101.63,4,21.68,35.59
5/31/2013,100.43,4.02,22.63,36.02
5/30/2013,101.79,4.12,21.43,35.02
5/29/2013,102.14,4.15,22.76,36.27
5/28/2013,103.77,4.19,24.86,38.59
5/24/2013,101.24,4.15,24.9,39.23
5/23/2013,100.46,4.15,26.08,41.11
5/22/2013,102.14,4.16,27.61,44.04
5/21/2013,103.1,4.13,27.18,42.21
5/20/2013,104.55,4.1,26.66,40.69
5/17/2013,103.83,3.89,28.34,38.88
5/16/2013,104.27,4.01,27.18,38.33
5/15/2013,101.57,4.03,28.01,41.88
5/14/2013,102.7,3.93,25.06,34.91
5/13/2013,102.17,3.87,25.04,33.59
5/10/2013,101.31,3.9,23.95,32.48
5/9/2013,103.59,3.87,21.62,32.18
5/8/2013,103.79,3.86,20.64,32.05
5/7/2013,105.18,3.88,22.07,32.67
5/6/2013,105,3.93,20.37,31.35
5/3/2013,104.6,3.98,20.37,32.09
5/2/2013,100.32,4.28,22.06,33.73
5/1/2013,98.34,4.31,22.93,36.62
4/30/2013,101.53,4.3,22.09,34.29
4/29/2013,102.88,4.28,23.16,35.48
4/26/2013,102.39,4.16,24.21,36.4
4/25/2013,101.62,4.19,22.35,33.64
4/24/2013,100.71,4.25,21.49,34.67
4/23/2013,99.25,4.27,23.68,38.1
4/22/2013,99.07,4.33,23.28,36.04
4/19/2013,98.94,4.38,24.37,37.35
4/18/2013,97.48,4.23,24.57,38.38
4/17/2013,96.84,4.24,26.93,39.35
4/16/2013,97.88,4.19,30.02,43.77
4/15/2013,99.32,4.23,34.48,54.92
4/12/2013,100.58,4.21,21.32,31.18
4/11/2013,103.62,4.11,15.29,23.99
4/10/2013,104.8,4.07,15.15,24.67
4/9/2013,104.08,4.08,13.54,23.25
4/8/2013,103.16,4.18,14.22,23.59
4/5/2013,103.98,3.98,14.46,24.43
4/4/2013,105.09,3.94,16.03,26.01
4/3/2013,107.82,4,15.21,25.62
4/2/2013,109.66,4.07,13.73,24.16
4/1/2013,108.76,3.97,13.13,23.15
3/28/2013,108.46,4.03,12.41,20.86
3/27/2013,108.51,4.08,12.33,20.9
3/26/2013,107.1,3.99,12.48,21.38
3/25/2013,106.66,4.08,12.99,22.25
3/22/2013,106.51,4.01,12.89,22.93
3/21/2013,106.41,4.01,13.37,22.95
3/20/2013,108.27,3.97,13.33,22.68
3/19/2013,106.91,3.96,14.52,24.35
3/18/2013,108.54,3.98,13.3,22.51
3/15/2013,109.32,3.89,12.43,21.68
3/14/2013,108.1,3.74,12.59,22.22
3/13/2013,107.51,3.72,12.24,21.93
3/12/2013,108.48,3.71,12.07,21.64
3/11/2013,108.64,3.64,12.96,22.57
3/8/2013,108.91,3.57,13.54,23.22
3/7/2013,110.42,3.54,14.84,24.76
3/6/2013,110.27,3.57,15.05,25.12
3/5/2013,110.42,3.63,15.47,26.41
3/4/2013,109.9,3.53,16.03,27.2
3/1/2013,110.14,3.54,15.75,26.7
2/28/2013,112.2,3.48,15.79,26.51
2/27/2013,112.24,3.49,15.57,26.73
2/26/2013,112.96,3.46,15.61,26.4
2/25/2013,114.55,3.42,17.48,29.72
2/22/2013,113.74,3.27,16.26,28.95
2/21/2013,114.19,3.29,16.9,28.41
2/20/2013,116.23,3.34,18.59,29.22
2/19/2013,117.04,3.23,15.75,26.67
2/15/2013,117.4,3.19,15.9,25.33
2/14/2013,118.48,3.3,14.72,25.32
2/13/2013,118.43,3.29,14.7,24.79
2/12/2013,117.89,3.3,14.06,25.1
2/11/2013,118.29,3.2,14.38,25.28
2/8/2013,118.9,3.26,13.14,23.61
2/7/2013,117.17,3.39,13.59,24.74
2/6/2013,116.61,3.41,13.57,24.17
2/5/2013,117.03,3.34,13.03,24.41
2/4/2013,116.06,3.27,13.78,24.4
2/1/2013,115.55,3.34,13.32,23.36
1/31/2013,115.55,3.33,13.76,24.83
1/30/2013,115.42,3.24,13.21,24.28
1/29/2013,115.22,3.14,13.59,23.57
1/28/2013,113.92,3.25,14.39,25.17
1/25/2013,113.88,3.42,14.08,24.01
1/24/2013,114.59,3.56,13.03,22.72
1/23/2013,113.68,3.53,12.46,23.13
1/22/2013,112.72,3.63,12.71,24.06
1/18/2013,111.71,3.54,13.8,25.38
1/17/2013,111.01,3.44,14.9,27.08
1/16/2013,110.97,3.43,14.49,27.24
1/15/2013,111.72,3.4,13.76,26.69
1/14/2013,111.32,3.39,13.78,26.59
1/11/2013,110.3,3.18,13.79,25.64
1/10/2013,112.97,3.08,13.27,25.78
1/9/2013,113.07,3.14,14.16,25.84
1/8/2013,113.03,3.21,14.08,26.59
1/7/2013,112.49,3.3,14.51,27.17
1/4/2013,112.58,3.2,13.78,26.61
1/3/2013,113.03,3.19,13.72,26.53
1/2/2013,112.98,3.3,13.43,26.29
12/31/2012,110.8,3.43,14.38,28.08
12/28/2012,110.05,3.4,15.3,27.65
12/27/2012,110.04,3.31,14.83,27.99
12/26/2012,110.72,3.35,13.56,27.75
12/24/2012,108.44,3.3,13.21,21.25
12/21/2012,109.13,3.42,13.82,27.32
12/20/2012,110.57,3.35,14.53,27.28
12/19/2012,109.95,3.25,13.73,25.75
12/18/2012,109.96,3.29,13.69,25.43
12/17/2012,109.35,3.2,11.97,24.53
12/14/2012,109.28,3.15,12.6,25.72
12/13/2012,110.18,3.27,13.01,26.54
12/12/2012,110.17,3.33,13.34,24.72
12/11/2012,107.6,3.39,14.16,26.14
12/10/2012,108.25,3.35,14.2,25.71
12/7/2012,107.16,3.33,13.87,24.53
12/6/2012,108.01,3.48,14.07,25.51
12/5/2012,108.96,3.41,14,25.92
12/4/2012,109.99,3.38,13.95,26.35
12/3/2012,111.27,3.44,13.4,26.64
11/30/2012,110.84,3.46,13.24,25.94
11/29/2012,110.47,3.61,12.67,25.13
11/28/2012,108.26,3.71,13.7,25.04
11/27/2012,109.33,3.77,13.68,24.9
11/26/2012,110.18,3.75,13.18,24.68
11/23/2012,110.14,3.59,15.48,23.33
11/21/2012,110.81,3.59,13.22,23.33
11/20/2012,110.01,3.62,13.52,22.76
11/19/2012,110.06,3.63,13.61,23.87
11/16/2012,106.81,3.46,13.28,25.43
11/15/2012,110.07,3.63,14.26,25.72
11/14/2012,109.66,3.66,14.94,26.58
11/13/2012,108.82,3.57,14.54,27.11
11/12/2012,110.23,3.4,15.66,27.62
11/9/2012,108.61,3.33,16.07,27.91
11/8/2012,107.23,3.45,17.02,28.69
11/7/2012,108.21,3.47,16.69,27.94
11/6/2012,109.27,3.41,18,30.55
11/5/2012,105.59,3.34,17.48,30.14
11/2/2012,106.79,3.4,16.2,29.69
11/1/2012,108.84,3.5,14.49,26.91
10/31/2012,109.89,3.5,14.99,27.25
10/26/2012,108.9,3.38,14.92,27.54
10/25/2012,107.64,3.39,15.36,27.94
10/24/2012,107.66,3.43,15.7,30.17
10/23/2012,107.53,3.34,15.8,30.63
10/22/2012,109.62,3.49,14.88,29.25
10/19/2012,111.89,3.43,15.1,29.16
10/18/2012,112.58,3.28,14.73,27.55
10/17/2012,113.49,3.24,14.64,27.26
10/16/2012,115,3.27,15.12,28.15
10/15/2012,115,3.35,15.47,28.82
10/12/2012,115.17,3.38,15.72,28.48
10/11/2012,116.18,3.28,15.31,28.97
10/10/2012,116.11,3.26,15.53,29.82
10/9/2012,114.32,3.18,15.72,30.08
10/8/2012,112.6,3.18,16.13,30.19
10/5/2012,112.17,3.26,15.88,29.28
10/4/2012,110.48,3.23,17.27,30.2
10/3/2012,109.32,3.21,16.59,30.57
10/2/2012,112.49,3.21,16.34,31.18
10/1/2012,112.58,3.19,16.9,31.27
9/28/2012,111.36,3.08,16.76,31.41
9/27/2012,111.45,3.01,17.02,31.41
9/26/2012,108.99,2.92,16.31,32.04
9/25/2012,110.77,2.84,16.74,33.03
9/24/2012,109.2,2.82,16.94,34.66
9/21/2012,111.27,2.76,17.09,34.06
9/20/2012,109.41,2.76,17.29,33.39
9/19/2012,108.49,2.7,17.69,33.76
9/18/2012,113.29,2.74,17.89,34.35
9/17/2012,116.7,2.83,18.08,34.88
9/14/2012,117.48,2.94,17.87,33.91
9/13/2012,116,3.01,19.03,35.73
9/12/2012,114.86,2.96,20.15,38.13
9/11/2012,114.86,2.82,19.59,36.12
9/10/2012,113.84,2.66,19.08,36.14
9/7/2012,113.64,2.73,18.95,35.4
9/6/2012,114.5,2.85,17.8,34.68
9/5/2012,113.32,2.87,18.18,35.12
9/4/2012,114.98,2.81,17.97,36.8
8/31/2012,113.93,2.72,17.89,33.22
8/30/2012,112.28,2.72,17.14,32.16
8/29/2012,112.53,2.64,16.5,31.97
8/28/2012,112.62,2.71,16.54,32.35
8/27/2012,113.74,2.8,16.9,32.25
8/24/2012,115.76,2.81,16.88,31.11
8/23/2012,117.45,2.81,17.94,31.54
8/22/2012,115.77,2.8,17.15,28.63
8/21/2012,116.03,2.8,16.29,27.42
8/20/2012,115.5,2.75,14.78,28.04
8/17/2012,115.2,2.7,14.7,26.28
8/16/2012,116.12,2.78,15.17,27.44
8/15/2012,115.51,2.82,14.87,25.77
8/14/2012,113.9,2.79,14.96,26.01
8/13/2012,114.48,2.77,15.13,25.5
8/10/2012,113.13,2.84,16.16,27.15
8/9/2012,113.52,2.89,16.19,27.45
8/8/2012,113.42,2.97,16.25,29.3
8/7/2012,112.39,2.99,16.48,29.47
8/6/2012,110.01,2.9,16.35,29.78
8/3/2012,109.57,2.91,16.65,29.76
8/2/2012,107.55,3.16,18.05,30.9
8/1/2012,106.78,3.2,19.01,32.55
7/31/2012,105.93,3.2,19.51,33.05
7/30/2012,106.54,3.14,19.43,33.34
7/27/2012,106.3,3.1,19.11,32.27
7/26/2012,104.77,3.13,19.37,32.92
7/25/2012,102.35,3.19,19.64,33.7
7/24/2012,103.57,3.16,19.6,34.47
7/23/2012,103.91,3.05,18.34,33.48
7/20/2012,106.98,3.03,16.88,31.61
7/19/2012,107.79,2.99,16.83,31.21
7/18/2012,105.92,2.84,17.35,32.09
7/17/2012,104.21,2.83,17.7,33.75
7/16/2012,102.1,2.92,18.03,34.46
7/13/2012,101.91,2.88,18.52,34.25
7/12/2012,99.18,2.83,19.31,35.62
7/11/2012,99.23,2.72,19.22,34.82
7/10/2012,99.15,2.87,20.28,36.95
7/9/2012,99.94,2.79,19.04,34.77
7/6/2012,98.5,2.94,19.46,35.06
7/5/2012,101.54,2.9,18.94,33.59
7/3/2012,99.89,2.78,25.23,33.66
7/2/2012,95.28,2.73,19.34,34
6/29/2012,94.17,2.74,19.53,35.08
6/28/2012,91.02,2.81,20.56,37.73
6/27/2012,92.06,2.87,19.96,35.24
6/26/2012,90.19,2.7,20.47,35.21
6/25/2012,88.69,2.7,20.46,36.17
6/22/2012,89.22,2.5,20.29,35.84
6/21/2012,89.22,2.48,21.07,37.74
6/20/2012,93.5,2.6,19.88,33.21
6/19/2012,95.14,2.59,20.51,34.08
6/18/2012,95.21,2.45,20.64,34.57
6/15/2012,97.13,2.44,22.94,37.57
6/14/2012,96.46,2.2,24.1,37.37
6/13/2012,97.29,2.18,23.96,35.97
6/12/2012,96.59,2.17,22.9,34.59
6/11/2012,98.6,2.22,22.19,34.85
6/8/2012,97.57,2.22,22.03,36.51
6/7/2012,100.05,2.33,22.92,36.93
6/6/2012,101.14,2.41,23.14,37.25
6/5/2012,98.65,2.39,23.99,38.67
6/4/2012,97.74,2.32,25.36,40.24
6/1/2012,98.63,2.24,25.3,40.06
5/31/2012,103.86,2.34,23.11,39.17
5/30/2012,103.85,2.39,23.46,40.11
5/29/2012,107.55,2.5,21.72,39
5/25/2012,107.86,2.56,21.11,37.14
5/24/2012,107.2,2.66,21.93,38.1
5/23/2012,106.88,2.6,21.79,37.77
5/22/2012,109.76,2.55,20.04,36.09
5/21/2012,109.02,2.6,20.69,38.66
5/18/2012,108.03,2.56,23.29,40.77
5/17/2012,109.31,2.6,22.59,40.94
5/16/2012,109.8,2.5,22.2,40.79
5/15/2012,111.4,2.38,20.75,36.87
5/14/2012,110.79,2.41,20.05,35.03
5/11/2012,112.5,2.37,18.46,33.44
5/10/2012,112.24,2.36,18.25,31.98
5/9/2012,111.89,2.36,19.32,34.83
5/8/2012,110.48,2.27,17.93,34.27
5/4/2012,111.66,2.3,16.32,32.06
5/3/2012,115.91,2.29,17.45,32.25
5/2/2012,117.57,2.31,16.55,30.34
5/1/2012,119.57,2.29,16.47,30.01
4/30/2012,118.66,2.1,16.93,30.45
4/27/2012,119.3,2.05,16.61,30.13
4/26/2012,119.33,2.1,16.94,30.87
4/25/2012,117.45,1.99,17.45,33.74
4/24/2012,117.74,1.97,17.64,32.65
4/23/2012,116.66,1.89,17.11,33.73
4/20/2012,118.08,1.82,16.72,31.29
4/19/2012,117,1.85,17.33,32.45
4/18/2012,115.18,1.87,17.54,32.71
4/17/2012,117.41,1.89,18.03,34.33
4/16/2012,118.23,1.88,18.8,36.8
4/13/2012,120.62,1.87,18.44,35.93
4/12/2012,120.57,1.87,18.64,33.63
4/11/2012,120.41,1.91,20.02,35.4
4/10/2012,121.89,1.99,19.94,36.19
4/5/2012,123.58,1.98,18.02,34.09
4/4/2012,123.04,2.06,18.88,35.61
4/2/2012,124.44,1.88,17.1,33.01
3/30/2012,123.41,2,17.01,32.26
3/29/2012,123.23,2.02,17.43,33.58
3/28/2012,124.41,2.05,18.18,33.2
3/27/2012,125.25,2.09,18.62,33.4
3/26/2012,125.85,2.16,19.22,34.01
3/23/2012,125.21,2.07,18.3,34.17
3/22/2012,122.49,2.19,18.51,36.53
3/21/2012,123.89,2.21,18.04,35.28
3/20/2012,124.38,2.19,18.42,35.6
3/19/2012,125.76,2.14,17.83,32.52
3/16/2012,125.09,2.01,18.99,34.62
3/15/2012,123.63,2.07,18.24,34.62
3/14/2012,126.98,2.13,20.6,38.64
3/13/2012,128.14,2.15,20.47,35.76
3/12/2012,127.27,2.17,19.21,37.52
3/9/2012,128.08,2.21,19.41,37.41
3/8/2012,127.96,2.24,19.26,39.19
3/7/2012,125.37,2.24,19.18,39.79
3/6/2012,125.03,2.3,20.23,41.43
3/5/2012,126.68,2.31,19.4,40.16
3/2/2012,125.93,2.38,18.96,38.95
3/1/2012,125.76,2.45,19.53,39.73
2/29/2012,122.23,2.44,22.9,41.4
2/28/2012,124.02,2.44,20.12,37.79
2/27/2012,126.46,2.55,19.1,36.73
2/24/2012,124.89,2.6,19.01,35.11
2/23/2012,124.53,2.68,19.76,35.95
2/22/2012,123.07,2.6,19.84,36.28
2/21/2012,120.85,2.63,19.94,36.18
2/17/2012,120.69,2.67,18.61,34.8
2/16/2012,121,2.47,19.21,36.39
2/15/2012,120.25,2.54,19.28,36.48
2/14/2012,118.3,2.48,19.24,37.12
2/13/2012,118.73,2.42,19.07,36.12
2/10/2012,118.13,2.51,19.73,37.79
2/9/2012,118.4,2.5,20.03,38
2/8/2012,117.18,2.48,20.69,39.77
2/7/2012,116.86,2.6,20.45,41.15
2/6/2012,115.47,2.46,21.2,41.22
2/3/2012,112.56,2.4,21.05,40.28
2/2/2012,110.96,2.3,21.93,42.98
2/1/2012,111.96,2.32,21.54,41.75
1/31/2012,110.26,2.51,20.93,42.47
1/30/2012,110.24,2.71,21.23,42.92
1/27/2012,110.5,2.59,20.82,42.06
1/26/2012,109.08,2.68,21.71,43.17
1/25/2012,108.48,2.61,22.24,42.97
1/24/2012,108.38,2.6,20.08,40.74
1/23/2012,109.46,2.39,20.18,41.57
1/20/2012,108.5,2.23,19.58,40.53
1/19/2012,109.54,2.36,20.34,41.04
1/18/2012,109.81,2.49,21.14,42.64
1/17/2012,110.55,2.51,21.6,44.5
1/13/2012,109.88,2.67,21.2,43.48
1/12/2012,112.97,2.7,21.6,42.83
1/11/2012,111.66,2.81,22.34,43.51
1/10/2012,113.3,2.97,21.51,42.93
1/9/2012,111.07,2.89,21.47,44.47
1/6/2012,111.96,2.85,21.3,43.68
1/5/2012,113.59,2.91,22.34,44.52
1/4/2012,113.37,2.96,22.08,44.58
1/3/2012,111.12,2.97,22.9,44.32
12/30/2011,108.09,2.98,23.24,45.16
12/29/2011,106.89,3.03,23.12,45.69
12/28/2011,107.54,3.07,24.33,48.07
12/23/2011,109.28,2.97,19.67,41.61
12/22/2011,108.98,3.08,20.23,42.18
12/21/2011,108,3.05,21.22,41.71
12/20/2011,107.8,3.06,21.33,43.05
12/19/2011,104.55,3.03,23.42,46.51
12/16/2011,104,3.01,24.8,47.02
12/15/2011,104.52,3.05,27.28,50.21
12/14/2011,105.72,3.08,28.63,52.11
12/13/2011,109.25,3.12,24.1,45.39
12/12/2011,107.82,3.13,23.66,43.97
12/9/2011,107.91,3.29,23.13,44.2
12/8/2011,108.23,3.42,25.18,48.07
12/7/2011,110.07,3.45,24.15,44.63
12/6/2011,110.16,3.43,24.52,47.39
12/5/2011,110.18,3.38,24.97,47.78
12/2/2011,109.59,3.35,23.51,46.49
12/1/2011,108.83,3.49,24.55,47.76
11/30/2011,111.22,3.53,25.32,47.6
11/29/2011,111.25,3.39,25.74,49.77
11/28/2011,109.38,3.09,26.61,51.55
11/25/2011,106.08,2.84,20.46,57.55
11/23/2011,106.83,2.84,27.81,52.27
11/22/2011,107.77,3.06,27.56,50.07
11/21/2011,105.98,2.94,30.07,53.23
11/18/2011,107.82,3.01,27.59,53.09
11/17/2011,109.25,3.11,28.86,55.95
11/16/2011,111.91,3.11,26.94,52.04
11/15/2011,111.9,3.12,26.75,51.08
11/14/2011,112.57,3.17,27.85,51.42
11/11/2011,114.43,3.29,27.85,51.79
11/10/2011,113.32,3.48,28.81,55.34
11/9/2011,115.29,3.55,29.85,57.43
11/8/2011,115.61,3.42,29.21,53.49
11/7/2011,114.75,3.35,30.24,54.27
11/4/2011,112.22,3.44,28.37,54.11
11/3/2011,110.76,3.39,30.12,55.41
11/2/2011,110.82,3.39,30.16,58.83
11/1/2011,106.97,3.49,29.7,62.23
10/31/2011,108.43,3.66,27.45,57.43
10/28/2011,110.01,3.63,25.84,55.12
10/27/2011,112.45,3.59,27.58,57.33
10/26/2011,110.43,3.65,30.79,59.38
10/25/2011,112.11,3.62,29.92,59.04
10/24/2011,111.67,3.61,26.98,59.92
10/21/2011,111.6,3.54,28.89,62.89
10/20/2011,109,3.61,32.08,66.27
10/19/2011,111.76,3.59,31.13,61.96
10/18/2011,112.08,3.63,29.17,58.44
10/17/2011,112.92,3.72,28.93,59.12
10/14/2011,114.33,3.49,26.61,55.14
10/13/2011,112.45,3.42,28.48,59.34
10/12/2011,112.44,3.54,29.51,59.35
10/11/2011,109.22,3.52,30.62,62.8
10/10/2011,109.49,3.41,31.26,64.96
10/7/2011,106.56,3.4,33.16,67.96
10/6/2011,104.38,3.49,35.22,69.83
10/5/2011,103.77,3.63,36.94,73.31
10/4/2011,101.84,3.56,37.74,78.03
10/3/2011,103.61,3.57,36.92,76.21
9/30/2011,105.42,3.68,37.03,76.39
9/29/2011,107.08,3.77,37.08,76.65
9/28/2011,108.52,3.88,39.95,80.64
9/27/2011,109.54,3.92,36.55,73.93
9/26/2011,107.9,3.8,39.86,79.46
9/23/2011,109.17,3.74,39.17,75.87
9/22/2011,109.21,3.72,32.19,55.72
9/21/2011,114.26,3.78,29.68,45.25
9/20/2011,114.39,3.84,30.63,45.45
9/19/2011,112.89,3.78,30.7,45.46
9/16/2011,116.26,3.84,28.86,44.14
9/15/2011,116.71,4.04,29.46,45.35
9/14/2011,113.1,4.01,29.83,46.69
9/13/2011,114.08,3.96,32.49,48.32
9/12/2011,114.75,3.92,37.2,52.19
9/9/2011,115.1,3.96,37.58,50.13
9/8/2011,117.99,3.99,34.43,48.45
9/7/2011,117.5,3.96,34.11,49.18
9/6/2011,113.29,3.93,34.17,50.11
9/2/2011,115.92,4.12,30.16,47.88
9/1/2011,116.43,4.18,28.06,47.32
8/31/2011,116.48,3.97,30.42,49.56
8/30/2011,115.59,3.85,32.12,50.33
8/26/2011,112.29,3.96,33.03,49.95
8/25/2011,111.91,4.01,34.42,53.56
8/24/2011,111.91,4.1,33.29,54.93
8/23/2011,110.35,4.01,33.42,53.71
8/22/2011,108.83,3.97,33.09,53.18
8/19/2011,109.37,3.99,28.91,50.28
8/18/2011,108.36,3.98,26.81,46.88
8/17/2011,111.37,3.98,25.12,44.58
8/16/2011,109.69,4.03,26.68,45.69
8/15/2011,108.89,4.05,24.81,45.91
8/12/2011,108.17,4.17,25.91,48.46
8/11/2011,107.82,4.06,29.76,52.87
8/10/2011,103.84,4.09,32.2,54.62
8/9/2011,103.63,4.06,31.13,54.68
8/8/2011,103.06,4,28.21,57.86
8/5/2011,106.92,4,21.74,51.59
8/4/2011,110.22,4.2,22.28,50.92
8/3/2011,113.74,4.26,19.95,43.58
8/2/2011,116.02,4.3,20.09,43.87
8/1/2011,116.37,4.29,19.58,43.49
7/29/2011,115.93,4.26,19.53,44.48
7/28/2011,118.16,4.41,18.99,44.59
7/27/2011,117.99,4.46,19.24,44.38
7/26/2011,118.14,4.43,18.58,43.47
7/25/2011,118.27,4.45,18.69,43.96
7/22/2011,118.99,4.46,16.98,42.49
7/21/2011,118.25,4.58,17.4,43.92
7/20/2011,118.52,4.64,17.91,43.97
7/19/2011,118.18,4.6,18.14,42.83
7/18/2011,117.05,4.6,18.96,44.5
7/15/2011,118.06,4.49,16.91,40.83
7/14/2011,117.38,4.42,17.9,41.24
7/13/2011,118.46,4.43,18.22,40.59
7/12/2011,117.36,4.38,17.63,38.06
7/11/2011,117.35,4.35,16.3,38.43
7/8/2011,117.4,4.19,15.18,36.06
7/7/2011,117.4,4.25,15.29,36.63
7/6/2011,113.55,4.34,15.81,38.03
7/5/2011,113.21,4.4,15.15,38.1
7/1/2011,109.82,4.33,15.06,37.39
6/30/2011,111.71,4.28,15.34,37.45
6/29/2011,111.49,4.4,15.79,38.82
6/28/2011,107.57,4.34,16.84,42.15
6/27/2011,104.57,4.25,17.52,43.93
6/24/2011,104.79,4.2,17.79,42.83
6/23/2011,108.27,4.31,16.97,42.94
6/22/2011,113.59,4.42,16.1,41.67
6/21/2011,112.02,4.37,15.99,42.97
6/20/2011,112.21,4.33,16.64,43.51
6/17/2011,113.74,4.39,17.03,45.11
6/16/2011,114.69,4.54,17.61,46.84
6/15/2011,114.67,4.53,17.32,47.61
6/14/2011,120.35,4.59,15.33,46.15
6/13/2011,120.49,4.75,16.95,49.21
6/10/2011,118.71,4.72,16.51,46.85
6/9/2011,119.95,4.92,16.06,46.19
6/8/2011,118.43,4.83,16.56,48.23
6/7/2011,116.14,4.83,16.84,49.32
6/6/2011,115.4,4.83,18.12,50.85
6/3/2011,115.09,4.72,16.79,49.9
6/2/2011,114.3,4.64,17.38,52.11
6/1/2011,116.15,4.62,17.74,52.74
5/31/2011,117.18,4.63,16.74,48.42
5/27/2011,114.85,4.36,16.62,47.36
5/26/2011,115.06,4.37,16.66,48.34
5/25/2011,114.47,4.36,17.53,47.74
5/24/2011,112.52,4.37,17.84,47.67
5/23/2011,110.13,4.27,18.3,48.3
5/20/2011,111.25,4.05,17.55,49.89
5/19/2011,113.2,4.1,17.44,51.57
5/18/2011,112.54,4.15,18.15,54.65
5/17/2011,109.39,4.25,19,60.51
5/16/2011,113.72,4.21,19.33,65.99
5/13/2011,113.08,4.09,19.77,63.08
5/12/2011,112.87,4.1,19.23,64.32
5/11/2011,115.66,4.23,19.47,60.98
5/10/2011,117.82,4.19,19.14,58.53
5/9/2011,113.21,4.28,19.95,64.29
5/6/2011,113.69,4.24,21.4,66.5
5/5/2011,111.93,4.49,22.06,72.08
5/4/2011,121.55,4.59,19.8,59.4
5/3/2011,124.01,4.6,19.61,60.62
5/2/2011,126.64,4.6,21.11,60.46
4/28/2011,126.59,4.38,17.82,52.99
4/27/2011,124.94,4.35,17.76,52.01
4/26/2011,124.55,4.32,17.3,50.87
4/21/2011,123.64,4.33,15.7,47.16
4/20/2011,124.26,4.33,16.38,43.06
4/19/2011,121.35,4.19,16.31,40.56
4/18/2011,121.69,4.23,16.73,43.75
4/15/2011,124.63,4.21,15.78,41.56
4/14/2011,122.74,4.12,15.06,40.42
4/13/2011,122.7,4.14,14.72,39.51
4/12/2011,121.33,4.08,15.65,40.06
4/11/2011,126.46,4.05,15.26,40.23
4/8/2011,126.3,4.05,15.59,37.08
4/7/2011,122.9,4.12,15.74,36.11
4/6/2011,123.01,4.17,16.05,36.59
4/5/2011,122.87,4.22,16.41,36.48
4/4/2011,120.07,4.21,15.82,36.46
4/1/2011,118.63,4.32,16.24,37.09
3/31/2011,116.94,4.32,17.16,37.77
3/30/2011,115.35,4.25,15.91,38.1
3/29/2011,115.58,4.27,16.4,39.07
3/28/2011,115.95,4.35,17.09,39.99
3/25/2011,115.45,4.13,16.95,39.55
3/24/2011,115.41,4.27,17.61,40.59
3/23/2011,115.65,4.18,16.83,39.18
3/22/2011,115.63,4.05,16.63,40.36
3/21/2011,114.92,3.99,17.01,40.68
3/18/2011,114.13,3.98,18.1,42.3
3/17/2011,114.18,3.85,18.16,44.75
3/16/2011,110.96,3.86,18.74,45.97
