observation_date,CRUDEOIL,NATURALGAS,GOLD,SILVER,ADS_Index_111618
9/10/2018,76.77,2.9,11.33,19.2,0.094611735
9/7/2018,75.55,2.88,11.3,19.2,0.135909107
9/6/2018,75.67,2.93,11.54,19.28,0.150921653
9/5/2018,76.68,3,11.24,19.45,0.166529458
9/4/2018,77.51,2.96,11.42,19.45,0.182734553
8/31/2018,76.94,2.98,10.96,17.65,0.25299075
8/30/2018,77.05,2.96,11.41,18.19,0.269640294
8/29/2018,76.07,2.96,11.25,18.08,0.285093674
8/28/2018,75.91,2.98,11.46,18.8,0.299352901
8/24/2018,74.41,2.99,11.71,19.28,0.345669311
8/23/2018,73.73,3.01,11.6,19.52,0.35514154
8/22/2018,72.96,3.02,11.81,19.6,0.36380588
8/21/2018,71.65,3.01,11.86,19.41,0.371663457
8/20/2018,71.11,3.04,12.4,19.45,0.378715294
8/17/2018,70.14,3.01,12.89,19,0.394936498
8/16/2018,69.21,3.02,13.39,19.64,0.398474317
8/15/2018,68.38,3.02,13.16,20.7,0.401046609
8/14/2018,70.77,3.02,11.88,18.11,0.402653706
8/13/2018,70.62,2.92,11.73,18.52,0.403295819
8/10/2018,71,2.96,11.78,17.9,0.39981568
8/9/2018,70.55,3.02,10.99,17.9,0.396791947
8/8/2018,70.71,2.99,11.43,17.9,0.392804358
8/7/2018,72.31,2.95,11.11,18.28,0.387852397
8/6/2018,72.51,2.85,11.02,17.52,0.381935419
8/3/2018,72.48,2.86,10.77,17.48,0.358662986
8/2/2018,72.95,2.77,11.08,17.93,0.348864573
8/1/2018,72.28,2.8,10.91,17.67,0.337995454
7/31/2018,74.16,2.82,11.21,17.17,0.326904976
7/30/2018,74.99,2.75,11.18,17.35,0.315993078
7/27/2018,74.84,2.78,11.05,17.17,0.285121689
7/26/2018,74.51,2.82,11.43,18.35,0.27565589
7/25/2018,73.67,2.82,11.65,18.1,0.266590117
7/24/2018,73.53,2.73,11.74,18.86,0.257923191
7/23/2018,73.45,2.79,12.22,19.28,0.249653985
7/20/2018,71.99,2.79,12.1,19.46,0.227566354
7/19/2018,71.94,2.75,12.66,20.13,0.221382349
7/18/2018,70.52,2.8,12.15,18.86,0.215812931
7/17/2018,70.87,2.81,11.79,19.71,0.210857377
7/16/2018,71.03,2.76,11.46,18.75,0.206515041
7/13/2018,74.11,2.86,10.99,18.98,0.196304733
7/12/2018,72.11,2.89,10.82,18.98,0.19317665
7/11/2018,75.35,2.89,11.25,18.98,0.190122842
7/10/2018,77.8,2.9,10.69,18.3,0.187142912
7/9/2018,77.08,2.9,10.55,17.63,0.184236472
7/6/2018,74.98,2.91,10.65,17.63,0.176386258
7/5/2018,77.09,2.91,11.32,18.66,0.173505012
7/3/2018,75.87,2.9,11.41,18.56,0.16699504
7/2/2018,76.71,2.9,11.75,18.32,0.163365467
6/29/2018,77.44,2.96,10.75,18.32,0.151507279
6/28/2018,76.26,2.99,11.03,18.32,0.147127728
6/27/2018,76.09,3.01,11.01,19.06,0.142487152
6/26/2018,73.58,2.98,10.97,18.41,0.137584949
6/25/2018,72.82,2.96,10.83,18.12,0.13242048
6/22/2018,73.67,2.95,10.67,17.91,0.115519725
6/21/2018,72.87,3.08,11.22,18.28,0.109667597
6/20/2018,74.25,2.96,11.08,18.23,0.103737489
6/19/2018,74.92,2.95,10.99,18.22,0.09772863
6/18/2018,74.87,2.99,9.82,18.05,0.091640238
6/15/2018,72.02,3.02,10.65,18.08,0.072057739
6/14/2018,74.77,2.99,9.83,18.17,0.064564718
6/13/2018,75.07,2.98,10.6,18.55,0.056546334
6/12/2018,74.86,2.98,10.52,18.3,0.048001544
6/11/2018,74.58,3,10.54,19.45,0.038929236
6/8/2018,75.11,2.91,10.69,17.4,0.009090019
6/7/2018,75.23,3.02,10.55,17.4,-0.001733541
6/6/2018,73.23,2.89,10.31,17.4,-0.013028592
6/5/2018,72.91,2.89,10.46,17.4,-0.024796604
6/4/2018,73.41,2.89,10.54,17.94,-0.037039106
6/1/2018,74.54,2.91,10.58,17.67,-0.07626944
5/31/2018,76.45,2.94,10.92,18.09,-0.090093085
5/30/2018,75.89,2.83,10.87,18.3,-0.102676394
5/29/2018,74.51,2.84,12.33,19.08,-0.114021004
5/25/2018,76.6,2.88,10.31,17.7,-0.146989384
5/24/2018,78.9,2.88,10.99,18.68,-0.152631604
5/23/2018,78.69,2.89,11.18,19.33,-0.157373149
5/22/2018,80.42,2.76,10.9,18.97,-0.161214636
5/21/2018,78.34,2.77,11.62,18.92,-0.164156564
5/18/2018,78.38,2.75,11.11,18.39,-0.165811296
5/17/2018,80.09,2.75,11.64,19.16,-0.163170689
5/16/2018,78.19,2.85,11.77,19.36,-0.15889863
5/15/2018,78.94,2.83,11.91,19.63,-0.152994564
5/14/2018,78.17,2.84,11.15,18.87,-0.145457723
5/11/2018,77.37,2.75,11.04,19.61,-0.113432965
5/10/2018,77.59,2.78,11.42,19.61,-0.099510326
5/9/2018,77.6,2.75,11.39,19.61,-0.08392164
5/8/2018,74.16,2.77,11.5,20.38,-0.066664879
5/4/2018,74.75,2.75,10.99,19.76,0.0182261
5/3/2018,73.45,2.75,11.46,19.39,0.042839574
5/2/2018,73.14,2.77,11.64,20.3,0.068744895
5/1/2018,74.85,2.75,11.88,20.51,0.095945431
4/30/2018,75.92,2.75,11.15,19.58,0.122878091
4/27/2018,75.33,2.82,10.99,18.75,0.196777359
4/26/2018,75.39,2.81,11.49,18.88,0.219178343
4/25/2018,73.79,2.81,11.97,19.45,0.240455774
4/24/2018,75.86,2.79,12.24,19.89,0.260612419
4/23/2018,74.54,2.78,12.13,19.46,0.279650898
4/20/2018,74.62,2.78,12.14,20.33,0.329389454
4/19/2018,74.85,2.8,12.88,20.96,0.342370038
4/18/2018,73.73,2.85,13.46,20.7,0.353401426
4/17/2018,71.71,2.84,13.07,19.51,0.362485051
4/16/2018,72.05,2.88,13.43,20.28,0.369622094
4/13/2018,73.18,2.82,13.36,19.57,0.382011936
4/12/2018,71.44,2.76,12.88,19.54,0.383920412
4/11/2018,72.74,2.74,14.36,22.02,0.384702101
4/10/2018,70.67,2.78,12.78,20.33,0.384357105
4/9/2018,68.19,2.78,12.39,19.66,0.382885379
4/6/2018,66.51,2.81,11.95,18.99,0.371609598
4/5/2018,66.54,2.81,11.55,19.23,0.365133826
4/4/2018,66.04,2.81,12,19.71,0.35723219
4/3/2018,69.02,2.75,11.8,19.3,0.347903663
3/29/2018,69.02,2.81,11.06,18.4,0.291479834
3/28/2018,68.13,2.64,11.74,18.41,0.282283759
3/27/2018,68.63,2.6,12.22,18.94,0.274067722
3/26/2018,68.81,2.63,12.95,19.24,0.266830656
3/23/2018,69.03,2.58,13.46,18.94,0.248497633
3/22/2018,68.98,2.62,11.24,17.75,0.242255722
3/21/2018,68.15,2.74,10.91,18.01,0.235876125
3/20/2018,66,2.71,11.01,18.57,0.229358011
3/19/2018,64.82,2.62,10.99,17.78,0.222700532
3/16/2018,64.68,2.62,9.88,17.43,0.203067476
3/15/2018,63.67,2.7,10.4,17.2,0.196936264
3/14/2018,63.61,2.69,10.41,17.97,0.190994955
3/13/2018,64.2,2.76,10.7,18,0.185242777
3/12/2018,64.53,2.78,11.01,19,0.179678981
3/9/2018,65.19,2.71,10.94,19.12,0.16412627
3/8/2018,63.87,2.8,11.57,19.86,0.159064281
3/7/2018,65.09,2.8,12.37,20.57,0.154018943
3/6/2018,65.67,2.7,12.33,21.57,0.148989603
3/5/2018,65.78,2.7,11.89,19.63,0.143975605
3/2/2018,64.26,2.67,11.97,19.97,0.130097491
3/1/2018,64.23,2.67,12.07,20.81,0.126514443
2/28/2018,66.08,2.66,11.74,19.45,0.123393988
2/27/2018,67.59,2.59,11.76,19.68,0.120634278
2/26/2018,67.96,2.6,11.89,19.17,0.118234953
2/23/2018,67.04,2.58,11.97,18.79,0.112126221
2/22/2018,66.12,2.65,13.47,19.43,0.10991814
2/21/2018,64.81,2.65,13.83,20.51,0.107594121
2/20/2018,64.68,2.61,14.08,20.92,0.105153861
2/16/2018,64.3,2.49,13.96,21.6,0.093072022
2/15/2018,62.86,2.49,15.03,22.45,0.087209719
2/14/2018,62.29,2.53,14.97,22.96,0.079722039
2/13/2018,61.94,2.58,14.07,22.25,0.070608008
2/12/2018,62.2,2.6,14.37,21.24,0.059866441
2/9/2018,63.04,2.66,14.93,22.79,0.020094376
2/8/2018,64.26,2.74,14.85,22.19,0.005284357
2/7/2018,65.74,2.74,13.62,21.24,-0.010267687
2/6/2018,66.75,2.75,13.8,21.13,-0.026563779
2/5/2018,67.69,2.85,14.35,21.82,-0.043606039
2/2/2018,67.45,2.91,13.11,20.42,-0.100426713
2/1/2018,68.6,3.06,12.32,19.83,-0.122191555
1/31/2018,67.78,3.34,12.97,20.23,-0.144344135
1/30/2018,67.78,3.6,13.86,20.11,-0.165466241
1/29/2018,68.41,3.6,13.25,21.08,-0.185560621
1/26/2018,70.08,3.58,12.98,19.86,-0.238137489
1/25/2018,71.08,3.54,13.04,20.37,-0.252576021
1/24/2018,69.91,3.54,13.38,21.66,-0.265473609
1/23/2018,69.81,3.35,11.72,18.3,-0.276831931
1/22/2018,69.32,3.13,11.66,18.07,-0.286652465
1/19/2018,68.56,3.2,11.43,18.27,-0.30698383
1/18/2018,69.48,3.92,12.26,18.6,-0.310820956
1/17/2018,69.19,3.92,11.77,18.2,-0.313201114
1/16/2018,69.4,5.46,12.09,19.12,-0.314124612
1/12/2018,69.64,4.06,11.62,18.55,-0.303894278
1/11/2018,70.36,3.16,10.96,17.7,-0.299034701
1/10/2018,69.79,3.16,10.79,18.09,-0.293503807
1/9/2018,69.08,2.93,10.79,17.92,-0.287300879
1/8/2018,68.48,2.89,11.19,18.22,-0.280425108
1/4/2018,68.73,4.65,11.8,18.69,-0.241540671
1/3/2018,67.85,6.24,11.56,18.38,-0.228370142
1/2/2018,66.65,6.24,11.96,19.66,-0.213834131
12/29/2017,66.73,3.69,10.96,18.53,-0.151185356
12/28/2017,66.8,2.97,10.43,17.92,-0.135776611
12/27/2017,66.03,2.76,10.73,18.24,-0.120440092
12/22/2017,64.61,2.63,10.01,17.71,-0.045096231
12/21/2017,64.64,2.64,9.64,17.9,-0.030604056
12/20/2017,64.43,2.72,9.79,18.11,-0.016363828
12/19/2017,63.69,2.75,10.32,18.15,-0.002373693
12/18/2017,64.45,2.71,9.93,17.86,0.011368168
12/15/2017,63.81,2.6,9.43,18.38,0.051811631
12/14/2017,63.72,2.69,10.4,19.15,0.065574625
12/13/2017,63.66,2.87,10.87,18.43,0.079532631
12/12/2017,64.96,2.87,12.14,19.53,0.093687463
12/11/2017,65.62,2.81,11.46,19.36,0.108040961
12/8/2017,63.86,2.78,11.7,19.48,0.151071141
12/7/2017,62.37,2.81,12.99,20.86,0.164676208
12/6/2017,62.25,2.86,11.67,19.27,0.177861648
12/5/2017,63.45,2.86,12.28,19.51,0.190629176
12/4/2017,63.45,2.91,11.38,19.13,0.202980451
12/1/2017,64.57,2.84,11.39,18.76,0.238274702
11/30/2017,63.53,3.06,11.79,18.86,0.249874172
11/29/2017,63.74,3.06,11.02,19.15,0.261322289
11/28/2017,63.56,2.88,10.64,18.6,0.272620543
11/27/2017,63.25,2.88,10.72,18.73,0.283770402
11/24/2017,63.58,3.05,10.58,19.57,0.316967377
11/22/2017,62.92,3.05,10.75,19.1,0.339163051
11/21/2017,62.28,3.05,10.84,18.92,0.3502651
11/20/2017,61.34,3.04,11.18,19.06,0.361371882
11/17/2017,61.34,3.04,10.62,19.32,0.394576779
11/16/2017,61.18,3.09,11.02,19.6,0.405108967
11/15/2017,61.25,3.16,11.75,20.24,0.415300475
11/14/2017,60.91,3.06,11.61,20.11,0.425152627
11/13/2017,62.94,3.13,11.53,20.1,0.434666706
11/10/2017,64.35,3.17,11.68,19.49,0.462896709
11/9/2017,64.49,3.18,11.73,20.19,0.473129709
11/8/2017,63.96,3.16,11.32,19.88,0.483835542
11/7/2017,64.36,3.07,10.98,19.45,0.495015601
11/6/2017,64.27,3.01,10.94,19.58,0.50667134
11/3/2017,61.42,2.75,10.65,18.57,0.543463516
11/2/2017,60.79,2.68,10.95,18.95,0.55601351
11/1/2017,60.98,2.68,11.8,19.94,0.568712587
10/31/2017,61.35,2.84,11.81,19.22,0.581801396
10/30/2017,60.65,2.94,11.74,19.09,0.593480632
10/27/2017,60.15,2.78,11.48,18.92,0.619938606
10/26/2017,58.75,2.91,11.62,19.1,0.62578118
10/25/2017,58.45,2.98,12.02,19.28,0.630124284
10/24/2017,57.84,2.95,11.73,19.09,0.632968484
10/23/2017,57.69,2.95,11.69,19.06,0.634314148
10/20/2017,57.89,2.8,11.49,18.52,0.629641329
10/19/2017,57.82,2.83,11.94,18.65,0.625328509
10/18/2017,58.05,2.81,11.88,18.3,0.619646496
10/17/2017,57.63,2.88,11.64,18.15,0.61259455
10/16/2017,57.49,2.87,12.13,18.85,0.604171754
10/13/2017,56.86,2.99,11.76,20.35,0.570053342
10/12/2017,56.13,2.95,11.82,20.35,0.555073762
10/11/2017,56.13,2.89,12.13,20.35,0.538213171
10/10/2017,56.62,2.89,12.22,20.39,0.519469374
10/9/2017,55.29,2.87,11.96,19.21,0.498839936
10/6/2017,55.5,2.93,11.53,18.4,0.426436772
10/5/2017,57.09,2.8,11.4,18.81,0.398547185
10/4/2017,56,2.8,11.41,18.73,0.368688256
10/3/2017,56.12,2.73,11.38,18.98,0.336856102
10/2/2017,55.67,2.94,11.72,19.14,0.303046585
9/29/2017,57.02,2.94,11.77,19.02,0.19678308
9/28/2017,58.8,2.96,11.75,19.64,0.163103681
9/27/2017,58.74,2.98,12.99,19.82,0.130456208
9/26/2017,59.77,2.96,13.32,19.67,0.098836416
9/25/2017,59.42,2.96,13.77,20.55,0.068240193
9/22/2017,58.16,2.93,12.37,19.55,-0.016775859
9/21/2017,57.73,3.11,12.19,19.58,-0.042659295
9/20/2017,57.2,3.13,12.32,19.64,-0.06732309
9/19/2017,56.58,3.18,12.27,20.3,-0.09077045
9/18/2017,55.5,3.11,12.69,19.95,-0.113004424
9/15/2017,56.18,3,12.06,18.72,-0.172935398
9/14/2017,56.76,3.03,12.19,18.91,-0.191346032
9/13/2017,55.52,3.02,11.98,18.84,-0.20906448
9/12/2017,55.06,2.88,11.56,18.58,-0.226093046
9/11/2017,54.2,2.88,13.28,19.3,-0.242433944
9/8/2017,54.55,2.88,13.77,20.33,-0.2867623
9/7/2017,54.16,2.92,14.49,21.56,-0.300759292
9/6/2017,54.48,2.98,14.17,21.61,-0.314532382
9/5/2017,53.63,2.88,14.3,22.65,-0.32808336
9/1/2017,53.15,2.88,12.73,21.13,-0.375476571
8/31/2017,52.69,2.92,13.26,22.05,-0.382940126
8/30/2017,51.91,2.95,12.78,21.59,-0.388358352
8/29/2017,51.64,2.95,13.5,23.03,-0.391731953
8/28/2017,51.87,2.95,14.2,23,-0.393061366
8/25/2017,51.87,2.93,12.63,21.91,-0.390011768
8/24/2017,51.73,2.97,12.76,22.15,-0.388525455
8/23/2017,52.31,2.94,12.68,21.88,-0.386826351
8/22/2017,52.29,3,12.49,22.34,-0.384914235
8/21/2017,51.94,3,13.01,22.47,-0.382788859
8/18/2017,50.96,2.9,12.12,22.56,-0.374860972
8/17/2017,50.37,2.91,13.34,22.18,-0.371744077
8/16/2017,50.39,2.94,12.58,21.84,-0.368411713
8/15/2017,49.9,2.96,12.2,20.6,-0.364863445
8/14/2017,51.29,3.02,12.11,19.52,-0.361098813
8/11/2017,51.47,2.96,13.45,20.95,-0.348461392
8/10/2017,52.59,2.89,13.43,20.87,-0.344147211
8/9/2017,52.16,2.81,12.31,19.49,-0.339841474
8/8/2017,52.18,2.81,11.1,18.81,-0.335543619
8/7/2017,51.42,2.8,10.73,19.36,-0.331253088
8/4/2017,52.48,2.76,10.87,19.18,-0.317523315
8/3/2017,52.88,2.76,11.31,19.66,-0.312547518
8/2/2017,52.09,2.8,11.24,19.44,-0.307402338
8/1/2017,50.77,2.8,11.28,19.1,-0.302087106
7/31/2017,51.99,2.87,11.61,19.76,-0.297079903
7/28/2017,52,2.96,11.44,19.15,-0.282389888
7/27/2017,50.67,2.95,11.24,19.65,-0.277570982
7/26/2017,50.08,2.92,11.63,20.37,-0.272809538
7/25/2017,49.19,2.99,12.07,19.99,-0.268104937
7/24/2017,47.81,2.99,11.8,20.26,-0.263456565
7/21/2017,47.47,3.06,11.22,19.73,-0.249539895
7/20/2017,48.54,3.12,10.85,19.13,-0.244857914
7/19/2017,48.34,3.11,11.08,19.64,-0.240161776
7/18/2017,47.92,3.11,11.14,20.34,-0.235450871
7/17/2017,47.66,3.04,11.08,20.26,-0.230724586
7/14/2017,47.89,2.94,11.11,20.25,-0.216608646
7/13/2017,47.65,2.96,11.29,20.62,-0.212288642
7/12/2017,46.73,3.01,11.56,21.14,-0.208212428
7/11/2017,46.68,2.98,12.3,22.41,-0.204379475
7/10/2017,46.57,2.92,12.22,23.63,-0.200789285
7/7/2017,46.47,2.91,12.54,22.55,-0.190902824
7/6/2017,48.53,2.89,11.72,19.96,-0.188081174
7/5/2017,47.58,2.98,11.88,20.22,-0.185557443
7/3/2017,49.13,2.98,11.93,19.53,-0.181402467
6/30/2017,47.08,2.98,11,16.58,-0.176253743
6/29/2017,47.02,3.07,11.21,17.48,-0.17414906
6/28/2017,46.45,3.03,11.38,17.98,-0.171751538
6/27/2017,46.17,2.99,11.96,18.72,-0.169060867
6/26/2017,44.09,2.98,11.05,19.08,-0.166076697
6/23/2017,44.14,2.89,10.86,17.32,-0.155921822
6/22/2017,44.46,2.88,11.24,17.82,-0.152493487
6/21/2017,44.62,2.91,11.25,17.64,-0.149071273
6/20/2017,43.98,2.91,11.14,17.66,-0.145654736
6/19/2017,45.93,2.87,10.69,17.72,-0.142243431
6/16/2017,45.7,3.01,10.16,17.09,-0.131526657
6/15/2017,45.61,2.94,11.03,17.85,-0.127626127
6/14/2017,45.47,2.95,11.5,18.12,-0.123561327
6/13/2017,46.95,3.12,12.16,18.93,-0.119331728
6/12/2017,47.18,3.12,12.41,19.12,-0.11493678
6/9/2017,46.64,3.03,12.5,19.33,-0.10107461
6/8/2017,46.3,2.98,12.62,19.33,-0.096666035
6/7/2017,47.08,3.06,13.16,20.03,-0.092418074
6/6/2017,48.11,2.92,13.23,20.39,-0.088330173
6/5/2017,48.25,2.92,12.44,20.03,-0.084401802
6/2/2017,48.46,2.85,12.09,19.46,-0.072925731
6/1/2017,50.41,3.05,11.81,19.7,-0.06934349
5/31/2017,49.4,3.05,11.82,20.15,-0.066082376
5/30/2017,50.65,3.1,11.62,19.45,-0.062909389
5/26/2017,50.84,3.1,11.59,18.76,-0.049615202
5/25/2017,52.25,3.1,11.2,18.68,-0.044994249
5/24/2017,53.29,3.22,11.75,19.78,-0.039695543
5/23/2017,53.19,3.22,11.89,20.22,-0.033718394
5/22/2017,53.35,3.24,12.32,20.67,-0.027062025
5/19/2017,52.78,3.11,12.04,19.49,-0.004392897
5/18/2017,51.71,3.13,12.95,19.55,0.00344201
5/17/2017,51.76,3.27,13.03,19.67,0.011390652
5/16/2017,51.21,3.27,11.19,18.75,0.01945406
5/15/2017,51.29,3.26,11.28,19.16,0.027633285
5/12/2017,49.08,3.24,11.13,19.54,0.05327548
5/11/2017,49.18,3.23,11.24,20.87,0.062236698
5/10/2017,48.09,3.03,11.2,20.87,0.071391575
5/9/2017,47.06,3.03,12.1,20.88,0.080741303
5/8/2017,46.61,3.06,11.95,22.12,0.090287096
5/5/2017,47.45,3.1,12.01,23.13,0.120104536
5/4/2017,47.53,3.11,12.41,23.49,0.130156417
5/3/2017,48.82,3.14,12.54,23.31,0.140219849
5/2/2017,49.31,3.13,12.38,21.98,0.150296139
5/1/2017,50.41,3.2,12.35,23.12,0.160386599
4/28/2017,49.46,3.2,11.6,21.57,0.187767803
4/27/2017,49.46,3.13,11.53,21.79,0.194970815
4/26/2017,49.99,3.06,12.02,20.92,0.201141183
4/25/2017,49.37,2.99,12.45,20.32,0.206279709
4/24/2017,49.45,3.06,12.29,19.67,0.210387061
4/21/2017,49.93,3.06,15.31,21.87,0.217898892
4/20/2017,50.66,3.13,14.54,22.03,0.219328752
4/19/2017,52.43,3.11,14.5,21.93,0.220233751
4/18/2017,52.6,3.11,15.67,21.91,0.220614006
4/17/2017,54.79,3.09,16.2,22.09,0.220469566
4/13/2017,55.05,3,16.2,22.39,0.21500023
4/12/2017,54.75,2.97,16.08,22.42,0.21272925
4/11/2017,54.73,3.11,15.2,22.75,0.210122356
4/10/2017,54.79,3.15,13.75,21.87,0.207179208
4/7/2017,54.24,3.23,13.45,21.55,0.19526773
4/6/2017,53.62,3.23,12.85,20.32,0.189636322
4/5/2017,53.41,3.22,13.23,20.32,0.183126934
4/4/2017,53.08,3.06,12.41,19.84,0.175738719
4/3/2017,52.04,3.13,12.61,19.73,0.167470718
3/31/2017,52.2,3.13,12.41,19.24,0.138328572
3/30/2017,52.25,3.08,12.09,19.67,0.127598057
3/29/2017,51.36,3.03,11.65,19.55,0.116376379
3/28/2017,50.72,2.95,12.35,19.9,0.104662077
3/27/2017,50.12,2.94,12.51,20.19,0.092453629
3/24/2017,49.97,2.97,12.06,18.98,0.054064413
3/23/2017,50.17,2.93,12.58,19.35,0.040774772
3/22/2017,49.56,3.02,12.28,19.85,0.027184759
3/21/2017,50.14,3.09,12.13,19.79,0.013292604
3/20/2017,50.67,2.93,11.35,18.71,-0.000903497
3/17/2017,50.58,2.85,10.8,18.69,-0.044136696
3/16/2017,50.56,2.84,11.12,19.62,-0.058088778
3/15/2017,50.63,3.02,11.23,21.15,-0.071767579
3/14/2017,49.6,3.02,11.57,22.21,-0.085174875
3/13/2017,50.1,3.04,11.27,21.14,-0.098312412
3/10/2017,50.63,2.98,13.03,22.03,-0.137231997
3/9/2017,50.65,2.83,13.62,23.87,-0.150681398
3/8/2017,53.3,2.59,13.58,21.69,-0.16441602
3/7/2017,54.61,2.68,13.22,20.57,-0.178437647
3/6/2017,54.73,2.68,13.24,20.96,-0.192748105
3/3/2017,54.12,2.5,13.66,21.26,-0.23625087
3/2/2017,54.16,2.59,13.89,22.17,-0.250170948
3/1/2017,55.72,2.54,14.41,20.6,-0.263739634
2/28/2017,53.36,2.54,14.3,21.46,-0.276816394
2/27/2017,54.65,2.44,14.44,20.86,-0.288488007
2/24/2017,54.69,2.63,13.54,20.88,-0.316763554
2/23/2017,55.82,2.63,13.68,20.99,-0.325030288
2/22/2017,54.9,2.52,13.26,20.77,-0.332807112
2/21/2017,56.34,2.56,13.72,21.52,-0.340095038
2/17/2017,54.48,2.75,13.27,21.34,-0.36312055
2/16/2017,54.16,2.88,13.75,22.55,-0.367040873
2/15/2017,54.57,2.95,13.71,22.8,-0.370271244
2/14/2017,54.96,2.85,14.21,23.55,-0.372812083
2/13/2017,54.15,2.93,14.61,23.94,-0.37466372
2/10/2017,55.2,3.11,14.88,23.41,-0.374819407
2/9/2017,53.98,3.11,14.88,23.3,-0.372341609
2/8/2017,54.42,3.05,15.2,23.9,-0.368547236
2/7/2017,53.79,3.03,15.26,23.96,-0.363435794
2/6/2017,55.02,2.92,15.74,23.5,-0.35700662
2/3/2017,55.92,3.13,15.04,23.12,-0.331445201
2/2/2017,55.94,3.13,15.04,23.02,-0.322094629
2/1/2017,55.79,3.15,14.8,23.56,-0.312446627
1/31/2017,55.25,3,15.27,24.13,-0.303414859
1/30/2017,54.77,3.22,15.19,23.6,-0.294728714
1/27/2017,54.8,3.31,14.34,22.63,-0.268617127
1/26/2017,55.89,3.44,14.74,22.32,-0.25922384
1/25/2017,54.34,3.26,14.47,22.55,-0.249490059
1/24/2017,54.7,3.16,14.65,23.11,-0.239414519
1/23/2017,54.8,3.16,15.15,23.32,-0.228995908
1/20/2017,55.04,3.23,14.38,23.29,-0.195556768
1/19/2017,53.18,3.25,15.11,23.78,-0.183641553
1/18/2017,53.77,3.26,15.25,22.98,-0.171339514
1/17/2017,54.68,3.37,15.67,24.24,-0.158649052
1/13/2017,54.37,3.36,14.63,23.26,-0.103799543
1/12/2017,54.51,3.36,14.6,23.28,-0.088804272
1/11/2017,53.61,3.27,14.96,24.18,-0.0732418
1/10/2017,53.2,3.21,14.32,24.29,-0.057110101
1/9/2017,54.39,3.14,14.38,25.56,-0.040407078
1/6/2017,55.9,3.38,14.55,25.74,0.012524002
1/5/2017,54.99,3.42,14.98,26.13,0.030780406
1/4/2017,54.57,3.42,15.16,26.54,0.049326044
1/3/2017,55.05,3.41,16.26,28.08,0.06816333
12/30/2016,54.96,3.71,16.23,27.44,0.143760472
12/29/2016,54.97,3.71,15.68,27.7,0.159512823
12/28/2016,54.95,3.7,16.04,28.78,0.173423619
12/23/2016,53.93,3.6,16.36,28.76,0.216938254
12/22/2016,54.04,3.5,15.28,27.86,0.220973966
12/21/2016,53.01,3.5,15.82,27.63,0.223429363
12/20/2016,54.56,3.39,16.69,28.87,0.224304764
12/19/2016,53.53,3.55,16.05,26.48,0.223600283
12/16/2016,54.15,3.51,17.55,26.72,0.213405408
12/15/2016,51.72,3.56,17.89,27.9,0.208024376
12/14/2016,53.15,3.55,18.21,25.2,0.201691905
12/13/2016,53.28,3.65,16.17,24.18,0.194407171
12/12/2016,53.99,3.6,16.97,24.1,0.186169226
12/9/2016,52.19,3.75,18.66,25.09,0.154919905
12/8/2016,51.6,3.68,16.48,25.56,0.141985195
12/7/2016,51.9,3.8,16.87,26.89,0.127777521
12/6/2016,52.31,3.75,17.06,26.6,0.112295037
12/5/2016,53.3,3.44,17.56,26.88,0.095535728
12/2/2016,52.35,3.44,18.44,26.76,0.037334801
12/1/2016,52.28,3.32,19.39,27.8,0.014764911
11/30/2016,47.95,3.32,19.18,27.22,-0.008067803
11/29/2016,44.68,3.02,17.28,26.3,-0.030436524
11/28/2016,46.64,2.96,17.39,26.99,-0.052344163
11/25/2016,46.32,2.76,18.47,27.76,-0.113664645
11/23/2016,46.54,2.76,18.53,27.02,-0.148601167
11/22/2016,46.1,2.73,15.43,24.76,-0.164224749
11/21/2016,45.96,2.81,15.86,24.41,-0.178621307
11/18/2016,44.41,2.6,17.03,25.93,-0.215210561
11/17/2016,44.57,2.37,17.5,26.03,-0.225174885
11/16/2016,45.07,2.49,15.77,25.9,-0.23397792
11/15/2016,44.15,2.49,16.42,26.59,-0.24162081
11/14/2016,41.83,2.26,20.5,30.69,-0.24810455
11/11/2016,41.61,2.08,23.25,31.85,-0.262081226
11/10/2016,43.67,2.08,18.52,27.66,-0.266025312
11/9/2016,43.88,2.22,16.68,26.45,-0.269715736
11/8/2016,43.47,2.34,17.93,29.5,-0.273152977
11/7/2016,42.83,2.37,18.53,29.17,-0.276337484
11/4/2016,43.06,2.2,20.22,30.54,-0.283162027
11/3/2016,43.84,2.41,19.98,28.51,-0.284757697
11/2/2016,44.26,2.53,19.32,28.82,-0.286119982
11/1/2016,45.77,2.53,19.02,28.77,-0.287249058
10/31/2016,46.2,2.85,18.13,26.15,-0.288874855
10/28/2016,47.78,2.72,16.62,25.65,-0.294330647
10/27/2016,49.13,2.72,15,24.89,-0.295485415
10/26/2016,48.98,2.69,14.48,25.27,-0.296280754
10/25/2016,49.08,2.69,14.55,25.43,-0.296716768
10/24/2016,49.8,2.78,14.95,25.67,-0.296793513
10/21/2016,50.28,2.92,14.55,24.77,-0.295768443
10/20/2016,50.42,3.12,14.68,24.76,-0.295708259
10/19/2016,51.85,3.18,14.59,25.29,-0.295855453
10/18/2016,49.81,3.25,14.73,25.46,-0.296210043
10/17/2016,49.31,3.21,15.23,25.26,-0.296772076
10/14/2016,48.87,3.18,15.14,25.61,-0.298109237
10/13/2016,49.29,3.16,15.63,26.5,-0.297512838
10/12/2016,49.53,3.17,15.61,27.02,-0.296329557
10/11/2016,50.48,3.17,15.63,27.47,-0.29455924
10/10/2016,51.54,3.18,15.6,27.73,-0.292201657
10/7/2016,50.49,3.02,15.72,27.8,-0.282866088
10/6/2016,50.14,3.04,16.05,27.58,-0.279500559
10/5/2016,49.57,2.83,15.21,28.16,-0.276020902
10/4/2016,48.81,2.83,15.8,27.28,-0.272426665
10/3/2016,48.61,2.84,14.16,24.52,-0.268717381
9/30/2016,48.24,2.84,13.88,23.45,-0.257029563
9/29/2016,48.43,2.98,13.86,23.02,-0.253319351
9/28/2016,45.49,3.07,13.98,24.23,-0.24974005
9/27/2016,44.95,3.09,14.53,25.43,-0.246291193
9/26/2016,46.61,3.06,14.98,24.9,-0.242972333
9/23/2016,46.71,3.06,13.93,24.57,-0.233628508
9/22/2016,47.21,3.18,13.73,25.78,-0.230937123
9/21/2016,45.99,3.19,14.69,26.9,-0.228502511
9/20/2016,45.24,3.12,15.69,26.17,-0.226324357
9/19/2016,46.04,3,15.68,26.25,-0.224402378
9/16/2016,45.26,2.97,14.78,24.33,-0.219452331
9/15/2016,45.83,2.98,15.07,25.9,-0.217939117
9/14/2016,45.65,3.07,15.32,27.33,-0.216511493
9/13/2016,46.48,3.04,15.78,26.93,-0.215169271
9/12/2016,47.82,3.04,15.2,27.36,-0.213912279
9/9/2016,48.37,2.93,15.49,26.69,-0.210637541
9/8/2016,49.23,2.88,14.97,24.61,-0.210008297
9/7/2016,47,2.77,15,24.95,-0.209660374
9/6/2016,46.21,2.88,15.6,26.77,-0.209593725
9/2/2016,45.96,2.88,14.58,24.35,-0.211596207
9/1/2016,45.05,2.95,16.25,25.96,-0.212754156
8/31/2016,47.94,2.95,16.01,24.95,-0.214169905
8/30/2016,47.94,2.95,15.99,25.53,-0.215419616
8/29/2016,49.66,2.97,15.95,25.8,-0.216503451
8/26/2016,49.66,2.91,16.17,25.67,-0.217865963
8/25/2016,49.25,2.89,16.73,26.18,-0.217582554
8/24/2016,47.56,2.82,16.89,26.72,-0.216962035
8/23/2016,48.7,2.75,15.62,26.35,-0.216004323
8/22/2016,48.1,2.75,15.82,25.74,-0.214709296
8/19/2016,49.39,2.67,15.35,24.5,-0.208381582
8/18/2016,49.46,2.75,14.97,24.1,-0.20547214
8/17/2016,48.58,2.76,15.83,24.24,-0.20218765
8/16/2016,48.27,2.75,16.13,24.18,-0.198527683
8/15/2016,47.31,2.75,14.67,23.54,-0.194491764
8/12/2016,45.12,2.7,15.01,24.02,-0.179778027
8/11/2016,44.23,2.7,15.37,25.67,-0.174004561
8/10/2016,42.19,2.76,14.89,26.07,-0.167814915
8/9/2016,43.37,2.85,14.41,24.84,-0.161208284
8/8/2016,43.24,2.85,15.49,25.76,-0.154183808
8/5/2016,42.47,2.88,15.6,26.07,-0.130486015
8/4/2016,41.33,2.89,16.06,27.86,-0.12191515
8/3/2016,40.45,2.89,16.18,28.2,-0.113047087
8/2/2016,40,2.79,16.45,30.8,-0.103880675
8/1/2016,40.17,2.97,16.28,30.53,-0.094414721
7/29/2016,40.76,2.97,15.8,30.19,-0.067170997
7/28/2016,41.87,2.79,16.31,29.28,-0.058547848
7/27/2016,42.78,2.84,16.93,31.99,-0.050141435
7/26/2016,43.56,2.84,17.45,29.34,-0.041950664
7/25/2016,43.76,2.8,17.74,29.81,-0.033974472
7/22/2016,44.24,2.8,17.61,29.68,-0.011547151
7/21/2016,44.99,2.76,17.77,29.61,-0.004679725
7/20/2016,45.82,2.76,17.21,28.58,0.001878965
7/19/2016,45.7,2.83,16.71,27.5,0.008129773
7/18/2016,45.35,2.83,16.96,28.94,0.014073511
7/15/2016,46.25,2.7,16.91,29.62,0.030307795
7/14/2016,46.01,2.79,17.15,31.6,0.035397028
7/13/2016,44.67,2.81,17.61,31.75,0.040347689
7/12/2016,46.72,2.88,17.94,32.33,0.045160423
7/11/2016,44.04,2.88,18.93,34.16,0.049835856
7/8/2016,44.53,2.8,18.79,32.56,0.062389337
7/7/2016,45.93,2.78,20.55,33.1,0.065596758
7/6/2016,45.7,2.82,21.18,36.23,0.06827146
7/5/2016,45.64,2.82,20.09,37.69,0.070413788
7/1/2016,47.65,2.89,18.43,33.35,0.074144287
6/30/2016,48.05,2.94,18.5,29.29,0.074051083
6/29/2016,48.4,2.94,19.26,29.23,0.073088623
6/28/2016,46.29,2.89,20.18,28.93,0.07125678
6/27/2016,45.07,2.79,22.52,31.23,0.068555317
6/24/2016,46.69,2.71,22.2,31.16,0.056186489
6/23/2016,48.63,2.69,20.1,29.94,0.050931117
6/22/2016,48.43,2.82,22.25,30.93,0.045103742
6/21/2016,48.18,2.79,20.65,30.51,0.038703607
6/20/2016,48.68,2.74,21.01,31.33,0.031729878
6/17/2016,46.57,2.59,22.52,32.01,0.007013898
6/16/2016,45.66,2.62,21.95,32.34,-0.00303646
6/15/2016,47.47,2.62,20.68,32.85,-0.014066174
6/14/2016,47.88,2.55,20.63,32.17,-0.026076677
6/13/2016,49.36,2.55,21.11,32.34,-0.039069532
6/10/2016,49.7,2.46,20.52,30.51,-0.082576523
6/9/2016,50.59,2.34,20.28,30.51,-0.098036211
6/8/2016,50.73,2.36,18.76,28.14,-0.113961654
6/7/2016,49.76,2.32,17.29,26.36,-0.130354921
6/6/2016,48.94,2.32,17.76,26.35,-0.147218146
6/3/2016,48.5,2.31,17.45,25.83,-0.200994253
6/2/2016,49.05,2.3,16.05,24.89,-0.220156746
6/1/2016,48.81,2.25,15.92,25.68,-0.239950616
5/31/2016,49.26,2.12,15.83,26.12,-0.259841297
5/27/2016,49.09,1.77,15.39,26.11,-0.330107207
5/26/2016,49.52,1.77,15.29,26.03,-0.345676263
5/25/2016,48.87,1.77,15.98,27.22,-0.360524096
5/24/2016,48.42,1.91,16.66,28.75,-0.374652637
5/23/2016,47.77,1.96,16.8,29.32,-0.388063724
5/20/2016,48.54,1.81,17,28.95,-0.423749171
5/19/2016,47.01,1.83,17.85,29.53,-0.434574747
5/18/2016,48.93,1.91,18.2,29.9,-0.444955913
5/17/2016,48.71,1.97,18.17,29.53,-0.454894019
5/16/2016,48.49,1.91,18.49,29.92,-0.464390358
5/13/2016,47.05,1.96,18.29,29.32,-0.489012866
5/12/2016,46.43,2.01,17.84,29.72,-0.495881567
5/11/2016,46.08,2.01,18.35,30.02,-0.502141718
5/10/2016,44.01,2.01,18.04,29.57,-0.507794134
5/9/2016,42.43,2.01,18.65,30.01,-0.512839549
5/6/2016,44.6,1.86,18.65,30.7,-0.523131792
5/5/2016,44.39,2.05,18.46,30.33,-0.524405874
5/4/2016,43.08,2.03,19.47,30.46,-0.524578554
5/3/2016,43.09,1.94,18.7,31.52,-0.523649857
5/2/2016,45.82,1.91,19.29,32.39,-0.52161966
4/29/2016,45.64,1.89,20.23,32.07,-0.512196507
4/28/2016,45.6,1.88,17.9,31.68,-0.508767674
4/27/2016,44.17,1.88,16.43,31.38,-0.50514943
4/26/2016,43.94,1.97,17.43,32.34,-0.501341304
4/25/2016,42.97,1.97,17.66,32.64,-0.497342801
4/22/2016,43.97,1.92,17.21,34.15,-0.486092076
4/21/2016,43.48,1.96,17.9,34.35,-0.483339078
4/20/2016,43.09,1.94,16.69,32.16,-0.481104023
4/19/2016,43.02,1.94,17.42,32.12,-0.479386621
4/18/2016,41.64,1.76,17.3,28.12,-0.478186649
4/15/2016,41.32,1.71,17.41,28.74,-0.477614877
4/14/2016,43.02,1.93,17.83,28.69,-0.478692865
4/13/2016,42.81,2.01,17.96,29.67,-0.480452692
4/12/2016,43.02,1.97,19.09,29.68,-0.482894588
4/11/2016,41.58,1.9,19.58,28.73,-0.486018871
4/8/2016,40.71,1.99,18.74,25.95,-0.499279767
4/7/2016,37.15,1.96,19.32,26.2,-0.505570043
4/6/2016,37.77,1.91,17.82,25.85,-0.512903609
4/5/2016,35.88,1.96,18.16,25.61,-0.521281417
4/4/2016,36.05,1.96,17.95,25.43,-0.530704558
4/1/2016,36.42,1.88,18.04,25.45,-0.563406993
3/31/2016,36.75,1.98,18.45,26.06,-0.574912745
3/30/2016,36.75,1.87,18.58,26.28,-0.585761079
3/29/2016,36.75,1.77,19.52,27.08,-0.595953405
3/28/2016,38.33,1.78,17.53,26.48,-0.605491049
3/24/2016,38.33,1.78,18.09,26.39,-0.636426286
3/23/2016,38.84,1.79,18,26.52,-0.642165443
3/22/2016,40.54,1.79,17.62,28.35,-0.647100336
3/21/2016,39.91,1.79,17.4,28.3,-0.651231608
3/18/2016,39.26,1.84,18.15,29.46,-0.659110775
3/17/2016,39.29,1.84,18.99,29.67,-0.66039482
3/16/2016,38.38,1.77,20.03,27.87,-0.661018153
3/15/2016,37.49,1.81,19.7,27.27,-0.660980856
3/14/2016,38.06,1.68,21.14,28.06,-0.660282923
3/11/2016,39.41,1.74,21.9,28.62,-0.654105043
3/10/2016,38.63,1.72,23.14,30.37,-0.650706918
3/9/2016,40.26,1.61,22.31,28.98,-0.646649222
3/8/2016,39.16,1.6,23.07,29.66,-0.641931428
3/7/2016,39.02,1.56,22.08,29.97,-0.636552922
3/4/2016,37.61,1.49,22.31,31.3,-0.616744324
3/3/2016,35.75,1.59,23.51,30.56,-0.609501581
3/2/2016,36.38,1.6,22,28.67,-0.602018656
3/1/2016,35.73,1.57,21.97,28.34,-0.594294577
2/29/2016,35.92,1.62,22.59,28.21,-0.587074357
2/26/2016,35.76,1.78,21.67,27.09,-0.564816221
2/25/2016,32.83,1.78,23.36,29.37,-0.556942044
2/24/2016,31.5,1.85,24.24,31.24,-0.548868208
2/23/2016,31.9,1.85,23.69,28.69,-0.540593661
2/22/2016,33.59,1.86,23.31,28.3,-0.532117328
2/19/2016,31.66,1.83,24.88,30.01,-0.504942596
2/18/2016,33.2,1.89,26.37,31.3,-0.495129689
2/17/2016,33.21,1.93,24.53,29.35,-0.48493833
2/16/2016,31.09,1.95,24.84,28.93,-0.474367194
2/12/2016,31.8,2.08,24.1,30.49,-0.428372995
2/11/2016,28.82,2.15,28.37,31.53,-0.416131459
2/10/2016,29.64,2.16,21.36,29.03,-0.403629136
2/9/2016,30.15,2.17,21.72,29,-0.3908644
2/8/2016,31.64,2.23,20.38,29.34,-0.377835592
2/5/2016,32.35,2.08,19.58,27.51,-0.33762387
2/4/2016,32.76,2.07,17.39,25.69,-0.32487525
2/3/2016,32.38,2.06,17.84,26.52,-0.312597702
2/2/2016,30.98,2.07,16.2,24.69,-0.300789628
2/1/2016,32.45,2.28,16.81,24.73,-0.289449494
1/29/2016,33.14,2.28,15.73,23.25,-0.260203844
1/28/2016,33.01,2.15,15.41,23.93,-0.251234304
1/27/2016,31.83,2.26,16.71,25.64,-0.242536629
1/26/2016,30.94,2.26,17.26,26.7,-0.234109687
1/25/2016,29.82,2.16,17.13,26.15,-0.225952383
1/22/2016,30.46,2.21,15.91,26.01,-0.206070364
1/21/2016,27.59,2.22,16.77,26.89,-0.202864639
1/20/2016,26.01,2.18,16.56,27.14,-0.201518892
1/19/2016,27.36,2.23,16.17,27.01,-0.202032948
1/15/2016,28.8,2.18,17.42,28.17,-0.219655053
1/14/2016,28.84,2.21,16.16,27.29,-0.226100662
1/13/2016,28.58,2.28,16.99,26.55,-0.233173077
1/12/2016,29.14,2.4,16.61,25.56,-0.240873216
1/11/2016,30.14,2.54,16.43,25.12,-0.249202081
1/8/2016,31.67,2.47,17.62,26.28,-0.278960157
1/7/2016,33.57,2.35,17.42,26.38,-0.290784046
1/6/2016,33.89,2.37,16.3,25.21,-0.303559404
1/5/2016,35.56,2.33,15.2,24.6,-0.317287891
1/4/2016,36.28,2.39,16.07,25.14,-0.331971293
12/31/2015,36.61,2.28,14.99,23.62,-0.400152245
12/30/2015,35.65,2.28,15.25,25.04,-0.417935747
12/29/2015,36.85,2.39,15.22,25.44,-0.435406831
12/28/2015,37.08,2.11,16.06,25.59,-0.45256777
12/24/2015,37.22,1.63,15.02,23.19,-0.515538761
12/23/2015,35.79,1.63,14.94,22.9,-0.529015358
12/22/2015,35.26,1.73,15.17,23.58,-0.54154695
12/21/2015,35.34,1.76,15.32,24.87,-0.553135165
12/18/2015,36.76,1.74,15.06,26.65,-0.583976767
12/17/2015,36.29,1.79,16.06,28.15,-0.593983947
12/16/2015,36.96,1.7,15.41,27.78,-0.603932567
12/15/2015,37.66,1.66,18.09,29.69,-0.61382392
12/14/2015,36.51,1.7,19.05,30.01,-0.623659292
12/11/2015,36.99,1.79,18.16,30.38,-0.651992103
12/10/2015,38.65,1.95,17.07,28.4,-0.661282804
12/9/2015,39.04,2,17.39,28.07,-0.670584869
12/8/2015,39.44,2.01,16.12,28.22,-0.679899509
12/7/2015,39.69,2.06,16.23,28.44,-0.689227934
12/4/2015,41.44,2.1,15.96,27.31,-0.715449219
12/3/2015,42,2.14,17.76,28.82,-0.722677535
12/2/2015,41.92,2.19,17.36,28.46,-0.729100063
12/1/2015,42.97,2.11,16.62,28.35,-0.734717638
11/30/2015,43.73,2.11,16.91,28.95,-0.739962734
11/27/2015,43.07,2.14,17.16,29.46,-0.750441998
11/25/2015,43.56,2.14,16.39,29.28,-0.753841595
11/24/2015,44.38,2.14,16.72,28.74,-0.754467271
11/23/2015,43.7,2.18,17.7,29.29,-0.754377004
11/20/2015,42.49,2.18,17.26,28.86,-0.750426457
11/19/2015,42.22,2.1,18.04,29.82,-0.748720157
11/18/2015,41.45,2.1,19.4,30.38,-0.746924138
11/17/2015,41.28,2.05,20.17,30.91,-0.74503817
11/16/2015,40.28,2.02,18.5,28.81,-0.743062005
11/13/2015,41.98,2.02,18.29,29.65,-0.734816082
11/12/2015,44.98,2.05,18.47,30.06,-0.730825689
11/11/2015,44.98,2.13,17.89,29.63,-0.726234138
11/10/2015,46.44,2.14,17.36,28.86,-0.72104083
11/9/2015,45.38,2.19,17.55,28.13,-0.71524509
11/6/2015,46.09,2.19,17.36,26.77,-0.694018531
11/5/2015,47.19,2.04,17.82,26.84,-0.685740383
11/4/2015,46.96,2.04,18.02,26.31,-0.676884602
11/3/2015,48,1.92,17.19,25.76,-0.667450039
11/2/2015,47.91,1.92,15.28,26.19,-0.657435465
10/30/2015,48,1.98,15.39,25.65,-0.625638623
10/29/2015,48.04,2.15,15.77,26.53,-0.615249765
10/28/2015,47.6,2.14,15.63,26.6,-0.605000181
10/27/2015,45.54,2.14,15.3,26.9,-0.594888537
10/26/2015,46.57,2.18,15.78,27.13,-0.584913519
10/23/2015,46.3,2.28,15.59,26.52,-0.556622699
10/22/2015,46.59,2.37,15.59,26.76,-0.548194133
10/21/2015,46.72,2.37,15.9,26.93,-0.540295414
10/20/2015,46.93,2.46,16.79,26.57,-0.532925516
10/19/2015,47.51,2.43,16.94,27.42,-0.52608348
10/16/2015,48.96,2.42,16.59,27.02,-0.508274675
10/15/2015,47.87,2.54,17.9,28.01,-0.503209026
10/14/2015,48.25,2.47,18.35,29.73,-0.498596628
10/13/2015,48.94,2.47,17.14,29.14,-0.494436879
10/12/2015,50.95,2.48,16.24,29.81,-0.49072924
10/9/2015,52.08,2.49,16.92,29.46,-0.482215419
10/8/2015,52.13,2.35,16.91,30.01,-0.480457494
10/7/2015,51.66,2.35,17.13,30.22,-0.479279893
10/6/2015,51.34,2.35,17.54,31.06,-0.478682462
10/5/2015,49.45,2.34,16.68,30.59,-0.478665123
10/2/2015,46.55,2.37,16.71,29.68,-0.481667189
10/1/2015,47.48,2.37,16.9,29.76,-0.483850941
9/30/2015,47.29,2.47,17.47,30.08,-0.486404484
9/29/2015,47.58,2.57,17.67,30.5,-0.488787459
9/28/2015,46.04,2.66,18.28,30.59,-0.491000178
9/25/2015,47.28,2.6,18.33,28.75,-0.495706474
9/24/2015,47.06,2.62,19.26,29.6,-0.496335185
9/23/2015,48,2.62,17.34,29.37,-0.496495318
9/22/2015,46.69,2.61,17.35,30.24,-0.496186892
9/21/2015,47.64,2.61,16.59,28.72,-0.495409869
9/18/2015,47.28,2.69,16.46,29.85,-0.490221773
9/17/2015,48.27,2.69,16.63,31.47,-0.48750319
9/16/2015,49.35,2.69,18.05,32.7,-0.484285895
9/15/2015,45.91,2.74,17.69,32.55,-0.480569467
9/14/2015,45.87,2.7,17.63,33.1,-0.476353425
9/11/2015,46.87,2.67,17.38,32.66,-0.46113998
9/10/2015,47.77,2.71,16.89,32.24,-0.455731506
9/9/2015,48.04,2.74,17.8,33.29,-0.450215529
9/8/2015,48.88,2.74,18.31,33.37,-0.444591333
9/4/2015,48.59,2.67,18.62,33.61,-0.420302717
9/3/2015,50.41,2.67,18.57,33.25,-0.413858319
9/2/2015,47.67,2.7,18.65,34.02,-0.407354082
9/1/2015,48.8,2.7,19.65,33.82,-0.400789159
8/28/2015,47.97,2.69,18.8,33.7,-0.37560754
8/27/2015,44.46,2.69,18.74,33.59,-0.368812408
8/26/2015,41.76,2.73,20.03,37.72,-0.361759193
8/25/2015,41.86,2.71,20.2,35.9,-0.354446977
8/24/2015,41.59,2.65,21.26,35.68,-0.34687481
8/21/2015,43.84,2.7,18.48,31.17,-0.322975562
8/20/2015,45.63,2.77,16.87,29.21,-0.314989688
8/19/2015,45.75,2.77,15.96,28.06,-0.307033893
8/18/2015,47,2.71,15.84,28.9,-0.299107142
8/17/2015,47.77,2.79,15.4,27.37,-0.291208406
8/14/2015,47.79,2.83,15.59,28.16,-0.266899586
8/13/2015,48.01,2.93,15.84,28.4,-0.258309486
8/12/2015,48.29,2.93,16.8,28.16,-0.249470198
8/11/2015,47.33,2.84,16.53,28.21,-0.240380573
8/10/2015,48.3,2.85,16.41,27.53,-0.231039427
8/7/2015,47.54,2.76,16.59,27.73,-0.201570819
8/6/2015,47.8,2.76,17.25,29.08,-0.191295715
8/5/2015,49.04,2.85,17.74,28.26,-0.180793678
8/4/2015,49.08,2.83,17.24,27.52,-0.170063344
8/3/2015,49.49,2.76,17.58,27.25,-0.159103317
7/31/2015,53.29,2.76,16.79,27.1,-0.124866104
7/30/2015,54.29,2.87,17.07,27.74,-0.114047724
7/29/2015,54.73,2.91,17.22,27.81,-0.104023578
7/28/2015,54.3,2.89,18.4,29.88,-0.094792363
7/27/2015,54.07,2.92,20.06,31.9,-0.086352878
7/24/2015,54.29,2.92,19.27,31.57,-0.065796452
7/23/2015,55.76,2.92,19.39,29.81,-0.060572139
7/22/2015,56.36,2.84,19.59,30.23,-0.056166533
7/21/2015,55.94,2.84,19.56,29.87,-0.052579061
7/20/2015,56.42,2.88,19.73,32.72,-0.049809258
7/17/2015,56.38,2.88,16.32,29.66,-0.046953768
7/16/2015,57.31,2.9,14.05,29.1,-0.048662394
7/15/2015,57.34,2.93,14.35,28.92,-0.051811337
7/14/2015,57.2,2.88,13.25,27.34,-0.056401006
7/13/2015,57.63,2.88,13.43,26.76,-0.062431998
7/10/2015,57.72,2.7,14.42,27.81,-0.087651886
7/9/2015,57.83,2.7,15.47,29.49,-0.098375898
7/8/2015,55.7,2.77,15.78,30.46,-0.110335461
7/7/2015,54.72,2.77,15.23,30.08,-0.12353213
7/6/2015,57.19,2.79,14.25,25,-0.137967621
7/2/2015,61.73,2.79,14.42,24.14,-0.204135401
7/1/2015,61.65,2.78,14.86,24.64,-0.221689587
6/30/2015,60.31,2.8,15.34,25.08,-0.23883462
6/29/2015,59.03,2.77,14.5,24.38,-0.25484981
6/26/2015,60.14,2.77,13.22,22.87,-0.297531848
6/25/2015,60.24,2.8,13.12,23.49,-0.310524079
6/24/2015,61.63,2.83,13.83,24.91,-0.322915208
6/23/2015,61.67,2.83,13.89,24.8,-0.334706845
6/22/2015,60.54,2.79,13.85,24.33,-0.345900524
6/19/2015,59.41,2.81,13.26,24.99,-0.375524036
6/18/2015,61.37,2.93,13.53,24.76,-0.383816055
6/17/2015,60.75,2.93,13.58,25.1,-0.391295446
6/16/2015,60.75,2.94,14.36,26.14,-0.397963183
6/15/2015,60.99,2.89,14.34,26.48,-0.403820133
6/12/2015,63.19,2.88,13.99,25.92,-0.41747978
6/11/2015,63.76,2.88,14.3,26.15,-0.421574265
6/10/2015,64.68,2.81,14.37,26.62,-0.425528215
6/9/2015,63.23,2.72,14.83,26.53,-0.429342143
6/8/2015,61.33,2.6,15.14,27.67,-0.433016546
6/5/2015,60.36,2.6,15.12,26.98,-0.441616381
6/4/2015,60.34,2.6,16.01,27.92,-0.443138016
6/3/2015,62.78,2.65,15.15,26.63,-0.443986209
6/2/2015,63.14,2.63,14.86,26.3,-0.444161069
6/1/2015,62.87,2.78,14.88,27.25,-0.443662619
5/29/2015,63.16,2.78,13.99,24.7,-0.442594836
5/28/2015,60.12,2.78,14.51,26.41,-0.442263796
5/27/2015,61.35,2.82,14.08,26.31,-0.441999063
5/26/2015,61.65,2.82,15.22,26.99,-0.4418006
5/22/2015,64.7,2.96,14.19,25.35,-0.440687236
5/21/2015,64.7,2.96,14.62,26.07,-0.439827077
5/20/2015,63.52,3.04,15.25,26.82,-0.438698393
5/19/2015,63.48,3.01,15.88,27.7,-0.437301039
5/18/2015,65.15,3.01,15.81,26.47,-0.435634833
5/15/2015,64.69,2.96,15.48,25.99,-0.428914939
5/14/2015,65.58,2.87,16.21,26.52,-0.425926546
5/13/2015,66.33,2.85,15.93,25.94,-0.422540262
5/12/2015,65.09,2.85,15.63,26.61,-0.418755647
5/11/2015,62.82,2.85,15.94,26.1,-0.414572209
5/8/2015,63.82,2.78,15.84,26.7,-0.400135549
5/7/2015,64.93,2.74,17.91,28.76,-0.394960201
5/6/2015,66.22,2.76,17.53,28.33,-0.38961835
5/5/2015,65.44,2.76,17.15,28.66,-0.384109301
5/4/2015,64.62,2.72,17.62,28.19,-0.378432337
5/1/2015,64.13,2.68,17.29,27.77,-0.36018985
4/30/2015,63.9,2.56,16.76,27.39,-0.354288478
4/29/2015,63.97,2.55,15.95,27.45,-0.348779697
4/28/2015,62.61,2.55,16.19,27.41,-0.34366279
4/27/2015,62.86,2.5,16.42,28.2,-0.338937093
4/24/2015,62.96,2.59,16.39,29.09,-0.327860153
4/23/2015,62.66,2.59,15.87,27.97,-0.326494393
4/22/2015,60.12,2.63,15.79,27.66,-0.32646511
4/21/2015,60.12,2.59,15.04,27.36,-0.327772301
4/20/2015,61.2,2.57,15.39,27.73,-0.330416134
4/17/2015,61.31,2.67,14.47,26.75,-0.343373931
4/16/2015,60.13,2.61,14.54,26.83,-0.348499064
4/15/2015,59.32,2.62,14.6,26.48,-0.354049496
4/14/2015,57.69,2.58,15.18,27.25,-0.360025951
4/13/2015,57.14,2.58,14.79,27.68,-0.366429206
4/10/2015,56.82,2.58,14.23,28.12,-0.387596203
4/9/2015,56.04,2.72,15,28.9,-0.394874578
4/8/2015,56.42,2.71,14.79,27.78,-0.402227758
4/7/2015,57.55,2.71,15.2,27.19,-0.409656699
4/6/2015,55.73,2.63,15.74,27.85,-0.417162368
4/2/2015,55.73,2.63,16.01,27.97,-0.447923688
4/1/2015,55.73,2.62,16.04,28.62,-0.455322074
3/31/2015,53.69,2.65,16.34,28.69,-0.46230611
3/30/2015,53.99,2.64,16.64,29.02,-0.468251856
3/27/2015,56.44,2.89,15.83,28.76,-0.481983362
3/26/2015,57.02,2.77,16.02,28.75,-0.486595762
3/25/2015,54.18,2.77,16.38,28.3,-0.491342798
3/24/2015,53.61,2.79,16.84,29.41,-0.496225087
3/23/2015,53.82,2.72,17.26,29.64,-0.501243265
3/20/2015,53.88,2.86,17.21,29.27,-0.515317633
3/19/2015,52.96,2.86,17.25,28.16,-0.519370336
3/18/2015,52.59,2.8,18.65,31.56,-0.523152338
3/17/2015,52.17,2.82,20.83,32.18,-0.526664132
3/16/2015,52,2.68,19.14,31.63,-0.529906174
3/13/2015,54.8,2.72,18.9,31.72,-0.537440454
3/12/2015,56.66,2.82,19.07,32.52,-0.539312399
3/11/2015,56.46,2.76,20.01,33.07,-0.540912122
3/10/2015,55.95,2.76,18.97,31.11,-0.542239829
3/9/2015,58.67,2.75,17.58,31.53,-0.543295694
3/6/2015,59.15,2.89,18.43,31.14,-0.544819204
3/5/2015,60.33,3.27,16.9,30.67,-0.545607786
3/4/2015,59.18,3.27,16.66,30.6,-0.546675764
3/3/2015,61.18,3,16.76,31.35,-0.548023277
3/2/2015,60.75,2.79,16.38,31.55,-0.549650499
2/27/2015,61.89,2.79,15.91,30.52,-0.55556719
2/26/2015,61.39,3.21,16.65,31.26,-0.556871348
2/25/2015,59.77,3.21,17.4,31.82,-0.557708675
2/24/2015,60.33,3.22,18.77,33.38,-0.55807928
2/23/2015,59.78,3.22,19.4,34.22,-0.557983211
2/20/2015,60.99,3.02,19.26,35.04,-0.555287041
2/19/2015,58.78,2.92,18.62,33.72,-0.553196881
2/18/2015,60.72,2.92,19.54,35.23,-0.550424087
2/17/2015,60.78,2.75,19.61,35.83,-0.546968298
2/13/2015,60.33,2.75,18.49,31.81,-0.528442621
2/12/2015,56.23,2.86,19.31,32.33,-0.524281378
2/11/2015,53.48,2.86,20.07,33.58,-0.520532977
2/10/2015,55.79,2.67,19.71,33.74,-0.51719693
2/9/2015,57,2.62,20.3,33.89,-0.514272804
2/6/2015,55.88,2.66,20.59,34.34,-0.505873616
2/5/2015,55.98,2.66,20.06,33.71,-0.502144155
2/4/2015,55.07,2.73,20.36,33.24,-0.497889962
2/3/2015,54.41,2.67,20.3,33.89,-0.493110485
2/2/2015,51.74,2.88,20.33,34.69,-0.487805103
1/30/2015,47.52,2.88,19.65,34.86,-0.469960058
1/29/2015,46.61,2.88,20.25,36.28,-0.46246242
1/28/2015,47.07,2.89,19.31,32.91,-0.453969457
1/27/2015,46.55,2.96,20.16,33.72,-0.444480063
1/26/2015,46.07,2.92,20.04,33.58,-0.433993005
1/23/2015,46.69,2.96,20.62,33.8,-0.399921103
1/22/2015,46.09,2.95,21.25,34.45,-0.390101956
1/21/2015,46.5,2.94,22.34,37.14,-0.381263573
1/20/2015,46.49,2.94,23.43,37.74,-0.373404803
1/16/2015,47.38,3.11,22.66,38.07,-0.348120074
1/15/2015,47.66,3.32,21.83,35.71,-0.341742336
1/14/2015,45.82,3.15,18.52,33.45,-0.335279029
1/13/2015,45.13,2.92,17.63,31.72,-0.32872931
1/12/2015,46.9,2.9,17.65,30.36,-0.322092328
1/9/2015,47.64,2.96,18.44,30.76,-0.300800066
1/8/2015,49.43,2.92,19.2,32.13,-0.292777527
1/7/2015,49.06,3.08,20.35,32.9,-0.284260977
1/6/2015,50.12,2.98,20.78,33.95,-0.275249309
1/5/2015,51.08,3.22,21.26,35.12,-0.265741352
1/2/2015,55.38,3.01,20.23,35.19,-0.234619717
12/31/2014,55.27,3.14,20.08,36.65,-0.211992488
12/30/2014,55.6,3.14,19.48,32.43,-0.200371482
12/29/2014,57.86,3.07,20.15,35.23,-0.188498628
12/26/2014,58.72,2.74,18.92,32.17,-0.151508906
12/24/2014,58.67,2.99,19.37,32.98,-0.125089467
12/23/2014,59.07,2.99,19.76,33.28,-0.111291996
12/22/2014,58.31,3.05,20.26,34.74,-0.097100318
12/19/2014,58.87,3.71,18.68,33.61,-0.053412448
12/18/2014,58.81,3.71,19.28,34.88,-0.039345577
12/17/2014,59.84,3.72,20.9,39.3,-0.025598386
12/16/2014,60.26,3.58,22.08,39.84,-0.012169087
12/15/2014,61.09,3.72,20.95,35.87,0.000944068
12/12/2014,61.67,3.91,19.66,33.92,0.039585647
12/11/2014,63.65,3.68,19.11,33.35,0.052467287
12/10/2014,63.32,3.65,19.27,33.57,0.065324634
12/9/2014,66.11,3.63,20.04,32.69,0.07815936
12/8/2014,65.64,3.42,19.62,33.65,0.090973133
12/5/2014,68,3.42,20.02,33.34,0.129649304
12/4/2014,68.48,3.63,20.29,34.93,0.142586151
12/3/2014,70.13,3.63,20.62,35.15,0.155522577
12/2/2014,71.13,3.77,21.29,36.82,0.168460265
12/1/2014,70.87,4.3,22.33,40.68,0.181400898
11/28/2014,71.89,4.3,25.17,38.41,0.217312972
11/26/2014,77.39,4.15,21.24,31.2,0.234734937
11/25/2014,77.62,4.09,20.67,30.86,0.241399829
11/24/2014,79.62,4.09,20.64,31.33,0.246701875
11/21/2014,79.2,4.32,21.23,32.41,0.256212233
11/20/2014,77.61,4.41,21.5,33.86,0.258209813
11/19/2014,77.21,4.41,24.26,37.84,0.259682658
11/18/2014,77.23,4.33,23.97,36.09,0.26063096
11/17/2014,76.86,4.26,23.37,37.14,0.261054844
11/14/2014,77.51,4.05,23.36,36.32,0.258138467
11/13/2014,77.74,4.2,20.98,32.02,0.255479841
11/12/2014,80.42,4.2,21.29,34.67,0.251987006
11/11/2014,80.94,4.18,21.43,35.05,0.247659507
11/10/2014,82.9,4.18,22.23,33.55,0.242496782
11/7/2014,83.2,3.92,21.38,35.91,0.222096906
11/6/2014,82.08,3.92,23.18,39.23,0.213970797
11/5/2014,82.88,3.83,23.38,41,0.205226319
11/4/2014,82.12,3.67,20.1,36.28,0.195862333
11/3/2014,84.9,3.82,21.1,37.27,0.185877623
10/31/2014,84.17,3.82,21.54,38.4,0.152096025
10/30/2014,85.5,3.76,18.08,33.96,0.140735574
10/29/2014,86.91,3.6,16.75,29.13,0.12967953
10/28/2014,85.57,3.53,16.3,28.47,0.118926453
10/27/2014,85.64,3.56,16.49,27.7,0.108474947
10/24/2014,86,3.53,16.24,27.2,0.080038293
10/23/2014,85.94,3.6,16.91,27.29,0.0718398
10/22/2014,86.38,3.69,16.58,27.6,0.064269315
10/21/2014,85.17,3.62,17.01,26.19,0.057325855
10/20/2014,84.42,3.69,17.27,29.02,0.051008515
10/17/2014,85.27,3.73,18.08,31.07,0.036285964
10/16/2014,84.02,3.8,19.68,32.14,0.033240698
10/15/2014,84.02,3.81,20.04,32.79,0.031174854
10/14/2014,86.36,3.91,17.98,29.36,0.030088165
10/13/2014,87.82,3.87,17.69,31.49,0.029980489
10/10/2014,88.66,3.86,18.11,30.79,0.034145553
10/9/2014,90.47,3.87,17.86,30.94,0.036065096
10/8/2014,90.25,3.88,17.5,29.61,0.038166747
10/7/2014,90.9,3.88,17.56,29.84,0.040450778
10/6/2014,90.65,3.89,17.6,29.5,0.042917486
10/3/2014,90.8,3.94,19.13,31.21,0.052964662
10/2/2014,91.29,4,18.2,34.42,0.057751076
10/1/2014,94.57,4.14,18.73,35.34,0.063263406
9/30/2014,94.67,4.14,18.83,36.99,0.068821651
9/29/2014,95.7,3.89,17.17,30.41,0.074187036
9/26/2014,95.08,3.89,17.84,31.39,0.088828148
9/25/2014,95.2,3.89,17.99,33.37,0.092932391
9/24/2014,94.53,3.84,17.21,29.38,0.096617561
9/23/2014,94.87,3.9,16.65,27.58,0.099884137
9/22/2014,95.37,3.88,16.44,27.91,0.102732546
9/19/2014,96.75,3.99,16.9,26.64,0.1094891
9/18/2014,96.82,3.99,15.5,20.68,0.111526903
9/17/2014,97.7,3.97,17.14,20.93,0.113481617
9/16/2014,97.39,3.85,16.58,21.02,0.115353496
9/15/2014,96.43,3.92,16.5,21.98,0.117142783
9/12/2014,96.31,3.82,17.86,22.89,0.120909298
9/11/2014,96.42,3.94,16.42,22.56,0.120579892
9/10/2014,96.26,3.98,15.89,20.8,0.119344335
9/9/2014,98.08,3.93,15.36,19.79,0.117202467
9/8/2014,99.53,3.86,14.47,20.29,0.114154009
9/5/2014,99.51,3.86,13.27,19.14,0.101734538
9/4/2014,101.21,3.91,14.01,20.12,0.097347766
9/3/2014,100.88,3.94,13.44,19.62,0.092857064
9/2/2014,100.21,4.01,14.05,20.36,0.08826185
8/29/2014,101.12,4.04,12.85,19.59,0.069980801
8/28/2014,100.71,4.06,12.9,20,0.066114546
8/27/2014,100.4,4.02,12.72,19.33,0.062580408
8/26/2014,100.5,3.99,13.24,19.83,0.059377928
8/25/2014,100.49,3.94,13.55,20.36,0.05650669
8/22/2014,100.09,3.88,13.46,19.68,0.049677325
8/21/2014,100.28,3.88,13.84,19.66,0.04777653
8/20/2014,99.92,3.88,13.51,19.34,0.046037867
8/19/2014,99.74,3.84,13.43,19.43,0.044461109
8/18/2014,99.37,3.78,13.46,19.61,0.043046051
8/15/2014,101.13,3.8,13.33,19.82,0.039944497
8/14/2014,101.15,3.85,12.55,18.64,0.039070076
8/13/2014,102.27,3.9,13.53,20.17,0.038228559
8/12/2014,101.68,3.94,14.35,20.43,0.037419836
8/11/2014,103.47,4,14.49,20.67,0.036643802
8/8/2014,103.36,3.94,14.85,20.74,0.035765486
8/7/2014,104.02,3.99,14.82,20.77,0.036789518
8/6/2014,104.17,3.92,14.51,21.19,0.03854134
8/5/2014,102.82,3.87,14.76,21.41,0.04102118
8/4/2014,103.63,3.87,14.17,20.37,0.044229361
8/1/2014,103.45,3.77,14.37,20.64,0.056663617
7/31/2014,104.94,3.78,15.46,21.85,0.060315804
7/30/2014,106.47,3.78,14.85,22.43,0.063772491
7/29/2014,106.98,3.79,15.05,22.85,0.067034127
7/28/2014,106.7,3.84,14.55,22.44,0.070101136
7/25/2014,106.89,3.86,14.68,22.55,0.0793104
7/24/2014,105.78,3.83,14.33,22.45,0.08299151
7/23/2014,106.85,3.83,14.07,21.11,0.087015156
7/22/2014,106.48,3.81,14.62,21.56,0.091381861
7/21/2014,105.71,3.87,14.69,21.84,0.096092193
7/18/2014,106.03,4.08,14.35,21.67,0.11123022
7/17/2014,106.04,4.04,15.52,23.58,0.11584912
7/16/2014,105.41,4.16,14.67,22.2,0.120186948
7/15/2014,104.73,4.13,14.73,22.17,0.124244267
7/14/2014,104.73,4.13,14.23,22.54,0.128021606
7/11/2014,105.77,4.13,13.27,21.6,0.13897471
7/10/2014,106.2,4.15,12.91,21.95,0.142995384
7/9/2014,106.84,4.17,13.05,22.06,0.147212112
7/8/2014,107.65,4.18,12.83,21.99,0.151625442
7/7/2014,108.7,4.31,12.99,21.73,0.156235947
7/3/2014,108.98,4.31,12.99,21.75,0.175492407
7/2/2014,110.18,4.47,13.89,22.49,0.18005306
7/1/2014,110.84,4.47,13.74,22.48,0.184487011
6/30/2014,111.03,4.39,14.01,23.33,0.188679678
6/27/2014,112.62,4.39,12.64,21.78,0.199088375
6/26/2014,112.61,4.58,12.76,22.1,0.201805734
6/25/2014,112.84,4.58,12.92,22.39,0.204110637
6/24/2014,113.74,4.49,12.96,22.27,0.206003384
6/23/2014,113.62,4.53,12.93,21.9,0.207484222
6/20/2014,114.55,4.53,12.79,22.23,0.210170369
6/19/2014,115.19,4.67,14.48,24.64,0.210766149
6/18/2014,114.25,4.68,12.11,19.85,0.211220217
6/17/2014,114.02,4.68,12.53,19.65,0.21153263
6/16/2014,113.42,4.71,12.41,19.6,0.211703431
6/13/2014,113.15,4.7,12.52,19.18,0.211072173
6/12/2014,112.18,4.51,12.91,19.08,0.210231293
6/11/2014,109.83,4.51,12.36,18.47,0.20904985
6/10/2014,109.18,4.67,12.37,18.33,0.207527692
6/9/2014,110.55,4.67,12.77,19.32,0.20566462
6/6/2014,109.21,4.66,13.22,20.23,0.198627283
6/5/2014,108.43,4.66,14.15,21.86,0.196144405
6/4/2014,109.07,4.62,14.79,21.86,0.193616884
6/3/2014,108.87,4.62,15.05,22.61,0.19104439
6/2/2014,109.34,4.49,15.55,23.19,0.18842659
5/30/2014,109.21,4.49,15.34,23.69,0.180655218
5/29/2014,109.98,4.63,15.01,22.82,0.178864432
5/28/2014,109.09,4.56,15.8,23.37,0.177582096
5/27/2014,109.81,4.4,16.21,24.21,0.176808046
5/23/2014,110.19,4.4,14.52,22.74,0.177492719
5/22/2014,110.89,4.57,13.98,23.25,0.177271725
5/21/2014,111.32,4.57,14.36,23.47,0.176667293
5/20/2014,110.35,4.53,14.07,23.02,0.175679345
5/19/2014,110.84,4.54,14.23,23.74,0.174307753
5/16/2014,110.9,4.42,14.04,23.7,0.170693199
5/15/2014,109.74,4.42,14.57,24.37,0.17133208
5/14/2014,109.87,4.47,13.76,25.15,0.173016661
5/13/2014,108.78,4.47,13.61,23.8,0.175747159
5/12/2014,108.37,4.52,14.04,25.57,0.179523931
5/9/2014,108.26,4.59,14.76,25.75,0.194155025
5/8/2014,108.19,4.77,14.87,25.54,0.198386509
5/7/2014,108.17,4.82,15.4,26.23,0.202170548
5/6/2014,108.3,4.8,15.02,25.52,0.205507636
5/5/2014,109.48,4.73,15.51,26.3,0.208398205
5/2/2014,109.48,4.73,14.85,26.43,0.216027912
5/1/2014,108.63,4.79,15.15,26.78,0.218141535
4/30/2014,108.63,4.79,15.52,26.16,0.21948646
4/29/2014,109.89,4.78,15.31,24.24,0.220435993
4/28/2014,109.12,4.72,15.56,24.6,0.220990255
4/25/2014,109.53,4.83,16.07,24.27,0.222673222
4/24/2014,109.79,4.81,15.86,24.99,0.224545799
4/23/2014,108.48,4.81,15.61,25.04,0.227159086
4/22/2014,108.54,4.76,16.19,26.73,0.230513423
4/21/2014,109.69,4.76,16.22,25.9,0.234609245
4/17/2014,109.79,4.64,15.96,25.34,0.257246038
4/16/2014,109.71,4.64,15.44,26.28,0.264900751
4/15/2014,109.1,4.69,16.1,27.43,0.273417895
4/14/2014,107.68,4.64,15.34,26.08,0.282798577
4/11/2014,107.34,4.67,15.19,25.83,0.314150925
4/10/2014,107.1,4.67,15.06,25.52,0.324903578
4/9/2014,107.39,4.67,14.83,24.91,0.335790889
4/8/2014,105.83,4.57,15.99,25.41,0.346814272
4/7/2014,104.89,4.58,15.95,25.31,0.357975163
4/4/2014,106.41,4.49,15.81,25,0.39200815
4/3/2014,104.88,4.51,16.01,24.74,0.402820372
4/2/2014,103.37,4.39,16.19,25.31,0.413264919
4/1/2014,105.7,4.39,16.65,25.65,0.42334315
3/31/2014,105.95,4.48,17.37,27.09,0.432852406
3/28/2014,106.64,4.5,17.48,27.23,0.455518886
3/27/2014,106.58,4.39,17.6,28.67,0.462566948
3/26/2014,105.9,4.44,17.32,28.73,0.469465217
3/25/2014,107.01,4.53,17.16,28.6,0.476214592
3/24/2014,106.59,4.42,17.53,29.06,0.482815949
3/21/2014,107.2,4.33,16.43,28.19,0.499643589
3/20/2014,105.73,4.39,16.91,28.63,0.503310288
3/19/2014,105.95,4.43,17.59,29.73,0.505964318
3/18/2014,106.79,4.42,17.37,31.33,0.507606025
3/17/2014,106.99,4.57,17.87,30.84,0.508235622
3/14/2014,108.08,4.4,18.32,30.98,0.504732337
3/13/2014,107.48,4.41,17.3,29.62,0.501912212
3/12/2014,107.88,4.72,16.67,29.59,0.498251838
3/11/2014,108.35,4.67,16.14,28.79,0.493750736
3/10/2014,108.27,4.67,15.83,28.16,0.488408323
3/7/2014,109.14,4.78,15.82,27.94,0.467716576
3/6/2014,107.99,4.89,16.31,28.65,0.459538746
3/5/2014,108.15,6.46,16.58,28.19,0.450743414
3/4/2014,109.17,7.98,16.75,28.18,0.441329435
3/3/2014,111.26,7.09,17.05,29.54,0.431295586
2/28/2014,108.98,4.8,16.07,27.91,0.397876565
2/27/2014,108.54,4.61,15.75,28.84,0.385295284
2/26/2014,109.39,4.81,16.46,30.83,0.371470536
2/25/2014,109.19,5.21,15.86,29.76,0.356400523
2/24/2014,109.76,6.08,15.94,30.72,0.340083285
2/21/2014,109.03,6.24,15.73,32.03,0.285954158
2/20/2014,109.42,5.96,16.07,31.08,0.267232559
2/19/2014,110.37,6,16.48,31.57,0.248214177
2/18/2014,110.14,5.8,16.28,31.56,0.228896537
2/14/2014,108.63,5.54,16.26,31.07,0.147543129
2/13/2014,108.98,5.34,16.13,29.29,0.125449088
2/12/2014,108.62,5.96,16.23,28.49,0.102558647
2/11/2014,109.21,7.75,16.81,29.13,0.078868829
2/10/2014,110.18,8.15,17.08,28.25,0.054376553
2/7/2014,110.12,5.92,16.59,26.86,-0.023160515
2/6/2014,108.15,6.9,17.93,30.28,-0.049927881
2/5/2014,106.81,8.12,18.52,30.21,-0.077131732
2/4/2014,107.04,5.78,18.51,29.7,-0.104775603
2/3/2014,106.55,5.04,19.15,31.27,-0.13286309
1/31/2014,108.16,5.04,18.62,31.26,-0.219376248
1/30/2014,109.36,5.27,17.97,31.02,-0.246988987
1/29/2014,108.83,5.23,17.45,30.72,-0.273406043
1/28/2014,109.1,5.25,18.71,31.37,-0.298630852
1/27/2014,108.72,5.66,18.38,31.98,-0.322666694
1/24/2014,109.14,5.17,17.54,31.79,-0.386087294
1/23/2014,109.69,5.64,16.01,30.13,-0.403236546
1/22/2014,109.69,4.92,15.62,28.96,-0.418298162
1/21/2014,109.17,4.61,15.97,29.19,-0.431274102
1/17/2014,108.45,4.39,14.34,27.87,-0.463891986
1/16/2014,107.46,4.55,15.39,28.93,-0.467812103
1/15/2014,108.09,4.45,16.43,28.88,-0.470040864
1/14/2014,107.12,4.36,16.5,29.05,-0.470578561
1/13/2014,108.02,4.19,16.67,29.6,-0.469425264
1/10/2014,106.44,3.95,17.27,29.09,-0.456659567
1/9/2014,107.49,4.15,18.46,30.51,-0.449857982
1/8/2014,107.42,4.36,19.43,31.73,-0.441827967
1/7/2014,107.01,4.58,19.12,31.48,-0.432568476
1/6/2014,106.71,4.5,19.5,31.28,-0.422078306
1/3/2014,106.57,4.39,19.19,31.07,-0.382771778
1/2/2014,107.94,4.32,20.42,31.88,-0.367298178
12/31/2013,109.95,4.31,21.65,33.87,-0.334541478
12/30/2013,110.47,4.41,20.75,31.94,-0.318940785
12/27/2013,112.06,4.34,19.1,30.39,-0.274403875
12/26/2013,111.65,4.4,19.84,30.63,-0.260059494
12/24/2013,111.57,4.52,20.08,30.89,-0.232165642
12/23/2013,111.58,4.52,20.76,31.5,-0.218612545
12/20/2013,112.15,4.35,21.01,32.88,-0.180195602
12/19/2013,110.78,4.25,22.07,33.51,-0.169374932
12/18/2013,109.56,4.25,21.39,32.54,-0.159713234
12/17/2013,108.91,4.2,21.79,34.61,-0.151209251
12/16/2013,110.3,4.21,21.91,35.41,-0.143861879
12/13/2013,108.08,4.44,21.87,33,-0.12537431
12/12/2013,108.99,4.4,22.24,33.5,-0.11893358
12/11/2013,109.47,4.24,20.02,31.91,-0.112296538
12/10/2013,108.91,4.24,19.63,32.43,-0.105462322
12/9/2013,110.07,4.24,20.65,31.91,-0.098430043
12/6/2013,111.5,4.15,20.5,32.31,-0.075765335
12/5/2013,112.07,3.97,21.78,34.25,-0.066185882
12/4/2013,113.27,3.89,20.82,33.31,-0.055363002
12/3/2013,113.06,3.84,21.09,34.34,-0.04329529
12/2/2013,111.49,3.85,21.43,34.88,-0.029981174
11/29/2013,111.07,3.87,19.33,30.14,0.012818161
11/27/2013,111.32,3.87,19.75,30.26,0.037914583
11/26/2013,112.04,3.87,19.68,29.48,0.049289187
11/25/2013,110.83,3.85,20.02,30.04,0.059883393
11/22/2013,111.36,3.78,20.33,30.27,0.08698901
11/21/2013,109.9,3.68,21.3,32.25,0.093947082
11/20/2013,108.27,3.63,23.04,34.17,0.099781646
11/19/2013,108.29,3.63,19.45,31.02,0.104493462
11/18/2013,108.8,3.71,19.52,31.42,0.108083142
11/15/2013,108.25,3.56,18.03,30.02,0.113377785
11/14/2013,108.29,3.52,19.44,32.92,0.113432924
11/13/2013,106.9,3.69,20.46,33.74,0.112582661
11/12/2013,106.29,3.69,21.2,33.46,0.110826883
11/11/2013,105.76,3.62,19.15,30.47,0.108165365
11/8/2013,104.29,3.54,19.37,30.23,0.095587211
11/7/2013,103.08,3.59,20.01,30.44,0.090076409
11/6/2013,105.46,3.46,19.43,30.23,0.08389433
11/5/2013,105.01,3.37,20.19,30.43,0.077040169
11/4/2013,104.85,3.38,20.3,30.94,0.069513035
11/1/2013,105.78,3.45,20.68,31.22,0.042915748
10/31/2013,107.53,3.57,20.57,31.93,0.033118411
10/30/2013,108.41,3.55,20.81,31.32,0.023849111
10/29/2013,108.04,3.57,20.65,32.07,0.015106643
10/28/2013,108.29,3.61,20.32,32.71,0.00688987
10/25/2013,105.7,3.69,19.9,32.66,-0.014247066
10/24/2013,106.63,3.65,20.67,33.19,-0.020135606
10/23/2013,107.74,3.66,20.52,33.66,-0.025469288
10/22/2013,109.57,3.7,20.75,34.59,-0.030248806
10/21/2013,109.47,3.77,21.52,35.01,-0.03447478
10/18/2013,109.4,3.72,21.43,34.96,-0.043991224
10/17/2013,109.55,3.75,22.31,35.71,-0.046719574
10/16/2013,110.79,3.84,24.72,36.62,-0.04931948
10/15/2013,110.67,3.83,26.07,38.09,-0.051791281
10/14/2013,110.13,3.82,26.45,38.31,-0.054135298
10/11/2013,110.65,3.74,25.83,37.97,-0.058714083
10/10/2013,111.63,3.74,25.36,37.52,-0.05884196
10/9/2013,109.02,3.7,25.81,38.47,-0.058267724
10/8/2013,110.56,3.72,25.44,38.1,-0.056991301
10/7/2013,109.66,3.62,24.81,38.29,-0.055012526
10/4/2013,109.42,3.57,24.77,36.98,-0.043289643
10/3/2013,109.49,3.58,24.54,37.73,-0.035304527
10/2/2013,109.09,3.63,24.04,37.64,-0.025008546
10/1/2013,107.32,3.56,25.48,38.96,-0.012400364
9/30/2013,107.85,3.48,23.72,38.03,0.001830035
9/27/2013,109.45,3.51,22.57,36.39,0.046442122
9/26/2013,108.86,3.49,21.79,36.21,0.060516539
9/25/2013,109.46,3.52,21.97,37.09,0.074218508
9/24/2013,107.68,3.59,22.84,37.96,0.087549811
9/23/2013,108.56,3.66,22.7,38.95,0.100512183
9/20/2013,110.22,3.68,22.27,38.14,0.136475231
9/19/2013,110.66,3.73,21.75,37.57,0.146930817
9/18/2013,109.09,3.72,23.2,41.13,0.156569334
9/17/2013,109.05,3.77,25.35,40.97,0.165392035
9/16/2013,110.86,3.64,25.12,40.78,0.173400068
9/13/2013,113.31,3.6,24.88,40.78,0.194249185
9/12/2013,113.11,3.57,25.09,40.73,0.201453612
9/11/2013,112.37,3.6,22.63,37.11,0.208910659
9/10/2013,112.1,3.65,22.58,38.77,0.216621294
9/9/2013,115.2,3.62,22.04,38.24,0.224586521
9/6/2013,117.15,3.55,23.59,39.78,0.246942646
9/5/2013,115.81,3.7,25.64,41.81,0.25200841
9/4/2013,115.65,3.68,24.61,41.95,0.255740528
9/3/2013,115.49,3.64,25.2,42.23,0.258139486
8/30/2013,115.97,3.57,24.44,40.87,0.257299925
8/29/2013,116.91,3.58,24.36,40.32,0.254752733
8/28/2013,116.27,3.54,25.89,41.16,0.251053378
8/27/2013,115.21,3.5,23.9,40.93,0.246201379
8/26/2013,112.23,3.55,23.67,40.06,0.240196105
8/23/2013,112.12,3.5,22.63,38.77,0.216215288
8/22/2013,110.51,3.52,22.69,36.58,0.206424957
8/21/2013,110.82,3.51,23.28,37.91,0.195713243
8/20/2013,110.74,3.48,23.82,37.99,0.184078753
8/19/2013,111.41,3.46,24.25,38.14,0.171519975
8/16/2013,111.82,3.35,22.97,38.95,0.129084793
8/15/2013,111.58,3.34,22.45,39.62,0.11404109
8/14/2013,110.26,3.36,21.21,33.82,0.09861582
8/13/2013,110.69,3.34,21.37,33.55,0.082806976
8/12/2013,109.28,3.34,21.58,34.19,0.066612505
8/9/2013,108.49,3.32,21.5,33.29,0.013997318
8/8/2013,107.32,3.27,21.71,32.17,-0.005877249
8/7/2013,108.39,3.32,23.49,32.9,-0.026993926
8/6/2013,108.77,3.35,23.82,33.49,-0.049355458
8/5/2013,109.81,3.33,23.49,32.83,-0.072964754
8/2/2013,109.63,3.39,24.24,33.45,-0.149918571
8/1/2013,109.94,3.44,24.61,35.63,-0.177024111
7/31/2013,107.89,3.46,24.99,36.13,-0.204028662
7/30/2013,107.47,3.48,23.72,34.98,-0.229540115
7/29/2013,108.1,3.49,22.77,34.55,-0.253561786
7/26/2013,107.57,3.59,22.22,33.69,-0.317859354
7/25/2013,108.1,3.68,21.77,33.57,-0.337828894
7/24/2013,108.23,3.7,22.61,34.16,-0.357194099
7/23/2013,109.27,3.68,21.66,33.92,-0.375957487
7/22/2013,108.82,3.71,21.76,34.78,-0.394121497
7/19/2013,109.34,3.78,21.19,33.94,-0.4425064
7/18/2013,109.71,3.66,22.52,34.74,-0.455437039
7/17/2013,109.67,3.67,23.61,36.22,-0.466717781
7/16/2013,109.29,3.69,23.2,34.27,-0.476350092
7/15/2013,109.05,3.67,23.53,34.85,-0.484335226
7/12/2013,109.03,3.61,24.07,34.79,-0.499671406
7/11/2013,108.18,3.64,23.85,35.89,-0.502612406
7/10/2013,108.43,3.69,26.24,38.69,-0.504515566
7/9/2013,107.9,3.69,25.68,39.59,-0.505381132
7/8/2013,107.75,3.65,26.79,41.69,-0.505209218
7/5/2013,107.46,3.52,27.15,43.2,-0.49730574
7/3/2013,106.12,3.54,27.25,40.71,-0.484062779
7/2/2013,103.96,3.58,28.19,40.82,-0.474983442
7/1/2013,103.19,3.52,28.84,42.75,-0.464264031
6/28/2013,102.49,3.57,31.84,46.26,-0.431720245
6/27/2013,102.74,3.73,33.51,47.87,-0.421403963
6/26/2013,100.62,3.72,31.43,45.7,-0.411397607
6/25/2013,101.51,3.77,25.86,40.29,-0.401699875
6/24/2013,99.8,3.81,27.69,43.05,-0.392309505
6/21/2013,100.36,3.85,27.19,43.04,-0.365366998
6/20/2013,102.72,3.9,29.94,47.77,-0.356821772
6/19/2013,105.56,3.93,22.53,36.27,-0.348530995
6/18/2013,105.21,3.9,22.7,36.8,-0.34049359
6/17/2013,105.8,3.78,21.27,35.57,-0.33270851
6/14/2013,105.1,3.76,20.91,34.85,-0.309662795
6/13/2013,103.38,3.73,22.69,36.8,-0.301181589
6/12/2013,103.11,3.74,22.04,36.82,-0.292215445
6/11/2013,101.5,3.77,23.27,38.29,-0.282763199
6/10/2013,103.87,3.85,22.68,36.49,-0.272823621
6/7/2013,104.07,3.79,23.58,41.16,-0.241899898
6/6/2013,103.37,3.93,22.33,35.19,-0.232159082
6/5/2013,103.51,3.99,22.65,35.34,-0.222754525
6/4/2013,102.04,4,22.32,35.17,-0.213685005
6/3/2013,101.63,4,21.68,35.59,-0.204949341
5/31/2013,100.43,4.02,22.63,36.02,-0.179705613
5/30/2013,101.79,4.12,21.43,35.02,-0.172032345
5/29/2013,102.14,4.15,22.76,36.27,-0.165125118
5/28/2013,103.77,4.19,24.86,38.59,-0.158983032
5/24/2013,101.24,4.15,24.9,39.23,-0.14098894
5/23/2013,100.46,4.15,26.08,41.11,-0.137279709
5/22/2013,102.14,4.16,27.61,44.04,-0.133764423
5/21/2013,103.1,4.13,27.18,42.21,-0.130442626
5/20/2013,104.55,4.1,26.66,40.69,-0.127313884
5/17/2013,103.83,3.89,28.34,38.88,-0.120615871
5/16/2013,104.27,4.01,27.18,38.33,-0.120363221
5/15/2013,101.57,4.03,28.01,41.88,-0.121196019
5/14/2013,102.7,3.93,25.06,34.91,-0.123114375
5/13/2013,102.17,3.87,25.04,33.59,-0.126118538
5/10/2013,101.31,3.9,23.95,32.48,-0.139111275
5/9/2013,103.59,3.87,21.62,32.18,-0.143106321
5/8/2013,103.79,3.86,20.64,32.05,-0.146797976
5/7/2013,105.18,3.88,22.07,32.67,-0.150186722
5/6/2013,105,3.93,20.37,31.35,-0.153272999
5/3/2013,104.6,3.98,20.37,32.09,-0.163076056
5/2/2013,100.32,4.28,22.06,33.73,-0.167212336
5/1/2013,98.34,4.31,22.93,36.62,-0.171767218
4/30/2013,101.53,4.3,22.09,34.29,-0.175933337
4/29/2013,102.88,4.28,23.16,35.48,-0.179465609
4/26/2013,102.39,4.16,24.21,36.4,-0.186992136
4/25/2013,101.62,4.19,22.35,33.64,-0.189152279
4/24/2013,100.71,4.25,21.49,34.67,-0.191210348
4/23/2013,99.25,4.27,23.68,38.1,-0.19316661
4/22/2013,99.07,4.33,23.28,36.04,-0.195021321
4/19/2013,98.94,4.38,24.37,37.35,-0.199136389
4/18/2013,97.48,4.23,24.57,38.38,-0.200195266
4/17/2013,96.84,4.24,26.93,39.35,-0.201173026
4/16/2013,97.88,4.19,30.02,43.77,-0.202069795
4/15/2013,99.32,4.23,34.48,54.92,-0.202885692
4/12/2013,100.58,4.21,21.32,31.18,-0.20360613
4/11/2013,103.62,4.11,15.29,23.99,-0.202964258
4/10/2013,104.8,4.07,15.15,24.67,-0.201899276
4/9/2013,104.08,4.08,13.54,23.25,-0.200411044
4/8/2013,103.16,4.18,14.22,23.59,-0.19849937
4/5/2013,103.98,3.98,14.46,24.43,-0.190425195
4/4/2013,105.09,3.94,16.03,26.01,-0.187549129
4/3/2013,107.82,4,15.21,25.62,-0.184668125
4/2/2013,109.66,4.07,13.73,24.16,-0.181781807
4/1/2013,108.76,3.97,13.13,23.15,-0.1788898
3/28/2013,108.46,4.03,12.41,20.86,-0.169978335
3/27/2013,108.51,4.08,12.33,20.9,-0.167365521
3/26/2013,107.1,3.99,12.48,21.38,-0.164540899
3/25/2013,106.66,4.08,12.99,22.25,-0.161504101
3/22/2013,106.51,4.01,12.89,22.93,-0.152343997
3/21/2013,106.41,4.01,13.37,22.95,-0.149193469
3/20/2013,108.27,3.97,13.33,22.68,-0.145912292
3/19/2013,106.91,3.96,14.52,24.35,-0.14250004
3/18/2013,108.54,3.98,13.3,22.51,-0.138956269
3/15/2013,109.32,3.89,12.43,21.68,-0.129014341
3/14/2013,108.1,3.74,12.59,22.22,-0.12644104
3/13/2013,107.51,3.72,12.24,21.93,-0.124240469
3/12/2013,108.48,3.71,12.07,21.64,-0.122412341
3/11/2013,108.64,3.64,12.96,22.57,-0.120956419
3/8/2013,108.91,3.57,13.54,23.22,-0.11868556
3/7/2013,110.42,3.54,14.84,24.76,-0.118501508
3/6/2013,110.27,3.57,15.05,25.12,-0.118590363
3/5/2013,110.42,3.63,15.47,26.41,-0.118952136
3/4/2013,109.9,3.53,16.03,27.2,-0.119586874
3/1/2013,110.14,3.54,15.75,26.7,-0.123459566
2/28/2013,112.2,3.48,15.79,26.51,-0.125492881
2/27/2013,112.24,3.49,15.57,26.73,-0.128461339
2/26/2013,112.96,3.46,15.61,26.4,-0.132365326
2/25/2013,114.55,3.42,17.48,29.72,-0.13720535
2/22/2013,113.74,3.27,16.26,28.95,-0.157765174
2/21/2013,114.19,3.29,16.9,28.41,-0.167451564
2/20/2013,116.23,3.34,18.59,29.22,-0.178669449
2/19/2013,117.04,3.23,15.75,26.67,-0.191420288
2/15/2013,117.4,3.19,15.9,25.33,-0.255274914
2/14/2013,118.48,3.3,14.72,25.32,-0.272724369
2/13/2013,118.43,3.29,14.7,24.79,-0.29056072
2/12/2013,117.89,3.3,14.06,25.1,-0.308786284
2/11/2013,118.29,3.2,14.38,25.28,-0.327403432
2/8/2013,118.9,3.26,13.14,23.61,-0.387569313
2/7/2013,117.17,3.39,13.59,24.74,-0.410217847
2/6/2013,116.61,3.41,13.57,24.17,-0.434251028
2/5/2013,117.03,3.34,13.03,24.41,-0.459671981
2/4/2013,116.06,3.27,13.78,24.4,-0.486484011
2/1/2013,115.55,3.34,13.32,23.36,-0.57401043
1/31/2013,115.55,3.33,13.76,24.83,-0.604733679
1/30/2013,115.42,3.24,13.21,24.28,-0.632985112
1/29/2013,115.22,3.14,13.59,23.57,-0.658768402
1/28/2013,113.92,3.25,14.39,25.17,-0.682086903
1/25/2013,113.88,3.42,14.08,24.01,-0.735828196
1/24/2013,114.59,3.56,13.03,22.72,-0.747027042
1/23/2013,113.68,3.53,12.46,23.13,-0.754732363
1/22/2013,112.72,3.63,12.71,24.06,-0.758945161
1/18/2013,111.71,3.54,13.8,25.38,-0.743618354
1/17/2013,111.01,3.44,14.9,27.08,-0.733354398
1/16/2013,110.97,3.43,14.49,27.24,-0.720671653
1/15/2013,111.72,3.4,13.76,26.69,-0.705568471
1/14/2013,111.32,3.39,13.78,26.59,-0.688042885
1/11/2013,110.3,3.18,13.79,25.64,-0.620858806
1/10/2013,112.97,3.08,13.27,25.78,-0.594250442
1/9/2013,113.07,3.14,14.16,25.84,-0.565643245
1/8/2013,113.03,3.21,14.08,26.59,-0.535033496
1/7/2013,112.49,3.3,14.51,27.17,-0.502417214
1/4/2013,112.58,3.2,13.78,26.61,-0.390421657
1/3/2013,113.03,3.19,13.72,26.53,-0.347650415
1/2/2013,112.98,3.3,13.43,26.29,-0.302147216
12/31/2012,110.8,3.43,14.38,28.08,-0.205678348
12/28/2012,110.05,3.4,15.3,27.65,-0.071053106
12/27/2012,110.04,3.31,14.83,27.99,-0.029510466
12/26/2012,110.72,3.35,13.56,27.75,0.010377706
12/24/2012,108.44,3.3,13.21,21.25,0.085211179
12/21/2012,109.13,3.42,13.82,27.32,0.185363949
12/20/2012,110.57,3.35,14.53,27.28,0.215849737
12/19/2012,109.95,3.25,13.73,25.75,0.24493215
12/18/2012,109.96,3.29,13.69,25.43,0.272614971
12/17/2012,109.35,3.2,11.97,24.53,0.298901799
12/14/2012,109.28,3.15,12.6,25.72,0.369286646
12/13/2012,110.18,3.27,13.01,26.54,0.390459788
12/12/2012,110.17,3.33,13.34,24.72,0.410588543
12/11/2012,107.6,3.39,14.16,26.14,0.429675528
12/10/2012,108.25,3.35,14.2,25.71,0.447723226
12/7/2012,107.16,3.33,13.87,24.53,0.492834306
12/6/2012,108.01,3.48,14.07,25.51,0.502821177
12/5/2012,108.96,3.41,14,25.92,0.510101036
12/4/2012,109.99,3.38,13.95,26.35,0.514674829
12/3/2012,111.27,3.44,13.4,26.64,0.516543153
11/30/2012,110.84,3.46,13.24,25.94,0.511105945
11/29/2012,110.47,3.61,12.67,25.13,0.507992877
11/28/2012,108.26,3.71,13.7,25.04,0.503930751
11/27/2012,109.33,3.77,13.68,24.9,0.498919037
11/26/2012,110.18,3.75,13.18,24.68,0.492957084
11/23/2012,110.14,3.59,15.48,23.33,0.469898696
11/21/2012,110.81,3.59,13.22,23.33,0.44932476
11/20/2012,110.01,3.62,13.52,22.76,0.437373845
11/19/2012,110.06,3.63,13.61,23.87,0.424311608
11/16/2012,106.81,3.46,13.28,25.43,0.37872739
11/15/2012,110.07,3.63,14.26,25.72,0.360282969
11/14/2012,109.66,3.66,14.94,26.58,0.340008801
11/13/2012,108.82,3.57,14.54,27.11,0.317902251
11/12/2012,110.23,3.4,15.66,27.62,0.293960443
11/9/2012,108.61,3.33,16.07,27.91,0.217494572
11/8/2012,107.23,3.45,17.02,28.69,0.195365832
11/7/2012,108.21,3.47,16.69,27.94,0.175375899
11/6/2012,109.27,3.41,18,30.55,0.157522175
11/5/2012,105.59,3.34,17.48,30.14,0.141802337
11/2/2012,106.79,3.4,16.2,29.69,0.09913676
11/1/2012,108.84,3.5,14.49,26.91,0.083703518
10/31/2012,109.89,3.5,14.99,27.25,0.068891177
10/26/2012,108.9,3.38,14.92,27.54,0.000977787
10/25/2012,107.64,3.39,15.36,27.94,-0.011991711
10/24/2012,107.66,3.43,15.7,30.17,-0.02489679
10/23/2012,107.53,3.34,15.8,30.63,-0.037739128
10/22/2012,109.62,3.49,14.88,29.25,-0.050520393
10/19/2012,111.89,3.43,15.1,29.16,-0.087956413
10/18/2012,112.58,3.28,14.73,27.55,-0.100323885
10/17/2012,113.49,3.24,14.64,27.26,-0.112700427
10/16/2012,115,3.27,15.12,28.15,-0.125087649
10/15/2012,115,3.35,15.47,28.82,-0.137487162
10/12/2012,115.17,3.38,15.72,28.48,-0.172454656
10/11/2012,116.18,3.28,15.31,28.97,-0.181393227
10/10/2012,116.11,3.26,15.53,29.82,-0.188774437
10/9/2012,114.32,3.18,15.72,30.08,-0.194599246
10/8/2012,112.6,3.18,16.13,30.19,-0.198868411
10/5/2012,112.17,3.26,15.88,29.28,-0.206830239
10/4/2012,110.48,3.23,17.27,30.2,-0.210233022
10/3/2012,109.32,3.21,16.59,30.57,-0.214155644
10/2/2012,112.49,3.21,16.34,31.18,-0.218598616
10/1/2012,112.58,3.19,16.9,31.27,-0.223562515
9/28/2012,111.36,3.08,16.76,31.41,-0.241582588
9/27/2012,111.45,3.01,17.02,31.41,-0.247905044
9/26/2012,108.99,2.92,16.31,32.04,-0.254390668
9/25/2012,110.77,2.84,16.74,33.03,-0.261040303
9/24/2012,109.2,2.82,16.94,34.66,-0.267854813
9/21/2012,111.27,2.76,17.09,34.06,-0.2897111
9/20/2012,109.41,2.76,17.29,33.39,-0.298094097
9/19/2012,108.49,2.7,17.69,33.76,-0.307108514
9/18/2012,113.29,2.74,17.89,34.35,-0.316755523
9/17/2012,116.7,2.83,18.08,34.88,-0.327036378
9/14/2012,117.48,2.94,17.87,33.91,-0.360256499
9/13/2012,116,3.01,19.03,35.73,-0.371664167
9/12/2012,114.86,2.96,20.15,38.13,-0.383244224
9/11/2012,114.86,2.82,19.59,36.12,-0.394998175
9/10/2012,113.84,2.66,19.08,36.14,-0.406927548
9/7/2012,113.64,2.73,18.95,35.4,-0.443004599
9/6/2012,114.5,2.85,17.8,34.68,-0.454143014
9/5/2012,113.32,2.87,18.18,35.12,-0.46471876
9/4/2012,114.98,2.81,17.97,36.8,-0.474733211
8/31/2012,113.93,2.72,17.89,33.22,-0.511294286
8/30/2012,112.28,2.72,17.14,32.16,-0.520041646
8/29/2012,112.53,2.64,16.5,31.97,-0.528393735
8/28/2012,112.62,2.71,16.54,32.35,-0.536351638
8/27/2012,113.74,2.8,16.9,32.25,-0.543916392
8/24/2012,115.76,2.81,16.88,31.11,-0.563591612
8/23/2012,117.45,2.81,17.94,31.54,-0.568910721
8/22/2012,115.77,2.8,17.15,28.63,-0.573609306
8/21/2012,116.03,2.8,16.29,27.42,-0.57768798
8/20/2012,115.5,2.75,14.78,28.04,-0.581147272
8/17/2012,115.2,2.7,14.7,26.28,-0.587644593
8/16/2012,116.12,2.78,15.17,27.44,-0.588255617
8/15/2012,115.51,2.82,14.87,25.77,-0.588055145
8/14/2012,113.9,2.79,14.96,26.01,-0.587043151
8/13/2012,114.48,2.77,15.13,25.5,-0.585219502
8/10/2012,113.13,2.84,16.16,27.15,-0.575588737
8/9/2012,113.52,2.89,16.19,27.45,-0.571322963
8/8/2012,113.42,2.97,16.25,29.3,-0.566544365
8/7/2012,112.39,2.99,16.48,29.47,-0.56125232
8/6/2012,110.01,2.9,16.35,29.78,-0.555446141
8/3/2012,109.57,2.91,16.65,29.76,-0.534705768
8/2/2012,107.55,3.16,18.05,30.9,-0.526660992
8/1/2012,106.78,3.2,19.01,32.55,-0.518058096
7/31/2012,105.93,3.2,19.51,33.05,-0.509370176
7/30/2012,106.54,3.14,19.43,33.34,-0.501090774
7/27/2012,106.3,3.1,19.11,32.27,-0.478412642
7/26/2012,104.77,3.13,19.37,32.92,-0.471361977
7/25/2012,102.35,3.19,19.64,33.7,-0.464545027
7/24/2012,103.57,3.16,19.6,34.47,-0.457960906
7/23/2012,103.91,3.05,18.34,33.48,-0.451608757
7/20/2012,106.98,3.03,16.88,31.61,-0.435016793
7/19/2012,107.79,2.99,16.83,31.21,-0.431402634
7/18/2012,105.92,2.84,17.35,32.09,-0.428868683
7/17/2012,104.21,2.83,17.7,33.75,-0.42741461
7/16/2012,102.1,2.92,18.03,34.46,-0.427040227
7/13/2012,101.91,2.88,18.52,34.25,-0.429193692
7/12/2012,99.18,2.83,19.31,35.62,-0.428946677
7/11/2012,99.23,2.72,19.22,34.82,-0.428052235
7/10/2012,99.15,2.87,20.28,36.95,-0.42651025
7/9/2012,99.94,2.79,19.04,34.77,-0.424320522
7/6/2012,98.5,2.94,19.46,35.06,-0.417250343
7/5/2012,101.54,2.9,18.94,33.59,-0.416273282
7/3/2012,99.89,2.78,25.23,33.66,-0.41659682
7/2/2012,95.28,2.73,19.34,34,-0.417897463
6/29/2012,94.17,2.74,19.53,35.08,-0.423968755
6/28/2012,91.02,2.81,20.56,37.73,-0.425647338
6/27/2012,92.06,2.87,19.96,35.24,-0.427108209
6/26/2012,90.19,2.7,20.47,35.21,-0.428351556
6/25/2012,88.69,2.7,20.46,36.17,-0.429377541
6/22/2012,89.22,2.5,20.29,35.84,-0.430464545
6/21/2012,89.22,2.48,21.07,37.74,-0.430068034
6/20/2012,93.5,2.6,19.88,33.21,-0.429314381
6/19/2012,95.14,2.59,20.51,34.08,-0.428203487
6/18/2012,95.21,2.45,20.64,34.57,-0.426735208
6/15/2012,97.13,2.44,22.94,37.57,-0.419746213
6/14/2012,96.46,2.2,24.1,37.37,-0.416372461
6/13/2012,97.29,2.18,23.96,35.97,-0.412470025
6/12/2012,96.59,2.17,22.9,34.59,-0.408038399
6/11/2012,98.6,2.22,22.19,34.85,-0.403077005
6/8/2012,97.57,2.22,22.03,36.51,-0.384912726
6/7/2012,100.05,2.33,22.92,36.93,-0.37752832
6/6/2012,101.14,2.41,23.14,37.25,-0.369443885
6/5/2012,98.65,2.39,23.99,38.67,-0.36065837
6/4/2012,97.74,2.32,25.36,40.24,-0.351170631
6/1/2012,98.63,2.24,25.3,40.06,-0.319213085
5/31/2012,103.86,2.34,23.11,39.17,-0.308199067
5/30/2012,103.85,2.39,23.46,40.11,-0.297581083
5/29/2012,107.55,2.5,21.72,39,-0.287357751
5/25/2012,107.86,2.56,21.11,37.14,-0.249664964
5/24/2012,107.2,2.66,21.93,38.1,-0.240332074
5/23/2012,106.88,2.6,21.79,37.77,-0.230917248
5/22/2012,109.76,2.55,20.04,36.09,-0.221419261
5/21/2012,109.02,2.6,20.69,38.66,-0.21183688
5/18/2012,108.03,2.56,23.29,40.77,-0.183525455
5/17/2012,109.31,2.6,22.59,40.94,-0.174471294
5/16/2012,109.8,2.5,22.2,40.79,-0.165593915
5/15/2012,111.4,2.38,20.75,36.87,-0.156892163
5/14/2012,110.79,2.41,20.05,35.03,-0.148364908
5/11/2012,112.5,2.37,18.46,33.44,-0.124165104
5/10/2012,112.24,2.36,18.25,31.98,-0.11678785
5/9/2012,111.89,2.36,19.32,34.83,-0.109773112
5/8/2012,110.48,2.27,17.93,34.27,-0.103119976
5/4/2012,111.66,2.3,16.32,32.06,-0.07970083
5/3/2012,115.91,2.29,17.45,32.25,-0.074382193
5/2/2012,117.57,2.31,16.55,30.34,-0.069248291
5/1/2012,119.57,2.29,16.47,30.01,-0.064298457
4/30/2012,118.66,2.1,16.93,30.45,-0.059193027
4/27/2012,119.3,2.05,16.61,30.13,-0.04746221
4/26/2012,119.33,2.1,16.94,30.87,-0.045423044
4/25/2012,117.45,1.99,17.45,33.74,-0.044396661
4/24/2012,117.74,1.97,17.64,32.65,-0.044382929
4/23/2012,116.66,1.89,17.11,33.73,-0.045381846
4/20/2012,118.08,1.82,16.72,31.29,-0.052819477
4/19/2012,117,1.85,17.33,32.45,-0.055997602
4/18/2012,115.18,1.87,17.54,32.71,-0.05948637
4/17/2012,117.41,1.89,18.03,34.33,-0.063286234
4/16/2012,118.23,1.88,18.8,36.8,-0.067397688
4/13/2012,120.62,1.87,18.44,35.93,-0.082483796
4/12/2012,120.57,1.87,18.64,33.63,-0.08889029
4/11/2012,120.41,1.91,20.02,35.4,-0.096014685
4/10/2012,121.89,1.99,19.94,36.19,-0.103857905
4/5/2012,123.58,1.98,18.02,34.09,-0.149958088
4/4/2012,123.04,2.06,18.88,35.61,-0.158533502
4/2/2012,124.44,1.88,17.1,33.01,-0.174427676
3/30/2012,123.41,2,17.01,32.26,-0.195693237
3/29/2012,123.23,2.02,17.43,33.58,-0.201550174
3/28/2012,124.41,2.05,18.18,33.2,-0.20666454
3/27/2012,125.25,2.09,18.62,33.4,-0.211037
3/26/2012,125.85,2.16,19.22,34.01,-0.214668121
3/23/2012,125.21,2.07,18.3,34.17,-0.22077114
3/22/2012,122.49,2.19,18.51,36.53,-0.221260898
3/21/2012,123.89,2.21,18.04,35.28,-0.221006358
3/20/2012,124.38,2.19,18.42,35.6,-0.220007487
3/19/2012,125.76,2.14,17.83,32.52,-0.218264154
3/16/2012,125.09,2.01,18.99,34.62,-0.20809215
3/15/2012,123.63,2.07,18.24,34.62,-0.202923223
3/14/2012,126.98,2.13,20.6,38.64,-0.196868814
3/13/2012,128.14,2.15,20.47,35.76,-0.189928137
3/12/2012,127.27,2.17,19.21,37.52,-0.182100288
3/9/2012,128.08,2.21,19.41,37.41,-0.153383209
3/8/2012,127.96,2.24,19.26,39.19,-0.142279962
3/7/2012,125.37,2.24,19.18,39.79,-0.13043967
3/6/2012,125.03,2.3,20.23,41.43,-0.117860795
3/5/2012,126.68,2.31,19.4,40.16,-0.104541701
3/2/2012,125.93,2.38,18.96,38.95,-0.059216252
3/1/2012,125.76,2.45,19.53,39.73,-0.041652881
2/29/2012,122.23,2.44,22.9,41.4,-0.0236785
2/28/2012,124.02,2.44,20.12,37.79,-0.00555136
2/27/2012,126.46,2.55,19.1,36.73,0.012730898
2/24/2012,124.89,2.6,19.01,35.11,0.067689792
2/23/2012,124.53,2.68,19.76,35.95,0.085999363
2/22/2012,123.07,2.6,19.84,36.28,0.104345441
2/21/2012,120.85,2.63,19.94,36.18,0.122730411
2/17/2012,120.69,2.67,18.61,34.8,0.195999578
2/16/2012,121,2.47,19.21,36.39,0.213876153
2/15/2012,120.25,2.54,19.28,36.48,0.231549226
2/14/2012,118.3,2.48,19.24,37.12,0.249021094
2/13/2012,118.73,2.42,19.07,36.12,0.266294031
2/10/2012,118.13,2.51,19.73,37.79,0.316854083
2/9/2012,118.4,2.5,20.03,38,0.333084872
2/8/2012,117.18,2.48,20.69,39.77,0.348977749
2/7/2012,116.86,2.6,20.45,41.15,0.36453478
2/6/2012,115.47,2.46,21.2,41.22,0.37975799
2/3/2012,112.56,2.4,21.05,40.28,0.423922895
2/2/2012,110.96,2.3,21.93,42.98,0.438244137
2/1/2012,111.96,2.32,21.54,41.75,0.45235752
1/31/2012,110.26,2.51,20.93,42.47,0.466525466
1/30/2012,110.24,2.71,21.23,42.92,0.479867696
1/27/2012,110.5,2.59,20.82,42.06,0.514935476
1/26/2012,109.08,2.68,21.71,43.17,0.524754038
1/25/2012,108.48,2.61,22.24,42.97,0.533603542
1/24/2012,108.38,2.6,20.08,40.74,0.541485138
1/23/2012,109.46,2.39,20.18,41.57,0.548399853
1/20/2012,108.5,2.23,19.58,40.53,0.564549522
1/19/2012,109.54,2.36,20.34,41.04,0.56935453
1/18/2012,109.81,2.49,21.14,42.64,0.573963406
1/17/2012,110.55,2.51,21.6,44.5,0.578376749
1/13/2012,109.88,2.67,21.2,43.48,0.591725071
1/12/2012,112.97,2.7,21.6,42.83,0.592101402
1/11/2012,111.66,2.81,22.34,43.51,0.591026761
1/10/2012,113.3,2.97,21.51,42.93,0.588501007
1/9/2012,111.07,2.89,21.47,44.47,0.584523813
1/6/2012,111.96,2.85,21.3,43.68,0.566591134
1/5/2012,113.59,2.91,22.34,44.52,0.560109732
1/4/2012,113.37,2.96,22.08,44.58,0.55347412
1/3/2012,111.12,2.97,22.9,44.32,0.546683437
12/30/2011,108.09,2.98,23.24,45.16,0.517932283
12/29/2011,106.89,3.03,23.12,45.69,0.509631955
12/28/2011,107.54,3.07,24.33,48.07,0.500697004
12/23/2011,109.28,2.97,19.67,41.61,0.447871961
12/22/2011,108.98,3.08,20.23,42.18,0.437189744
12/21/2011,108,3.05,21.22,41.71,0.426784323
12/20/2011,107.8,3.06,21.33,43.05,0.416654346
12/19/2011,104.55,3.03,23.42,46.51,0.406798495
12/16/2011,104,3.01,24.8,47.02,0.376896097
12/15/2011,104.52,3.05,27.28,50.21,0.36621508
12/14/2011,105.72,3.08,28.63,52.11,0.355184677
12/13/2011,109.25,3.12,24.1,45.39,0.343803455
12/12/2011,107.82,3.13,23.66,43.97,0.332069934
12/9/2011,107.91,3.29,23.13,44.2,0.293994006
12/8/2011,108.23,3.42,25.18,48.07,0.279517346
12/7/2011,110.07,3.45,24.15,44.63,0.264049972
12/6/2011,110.16,3.43,24.52,47.39,0.247589874
12/5/2011,110.18,3.38,24.97,47.78,0.23013491
12/2/2011,109.59,3.35,23.51,46.49,0.173226341
12/1/2011,108.83,3.49,24.55,47.76,0.152949617
11/30/2011,111.22,3.53,25.32,47.6,0.132283726
11/29/2011,111.25,3.39,25.74,49.77,0.112541767
11/28/2011,109.38,3.09,26.61,51.55,0.093721173
11/25/2011,106.08,2.84,20.46,57.55,0.044018807
11/23/2011,106.83,2.84,27.81,52.27,0.018749629
11/22/2011,107.77,3.06,27.56,50.07,0.008560116
11/21/2011,105.98,2.94,30.07,53.23,-1.18326E-06
11/18/2011,107.82,3.01,27.59,53.09,-0.017177701
11/17/2011,109.25,3.11,28.86,55.95,-0.02037986
11/16/2011,111.91,3.11,26.94,52.04,-0.022303297
11/15/2011,111.9,3.12,26.75,51.08,-0.022948261
11/14/2011,112.57,3.17,27.85,51.42,-0.022314837
11/11/2011,114.43,3.29,27.85,51.79,-0.013317883
11/10/2011,113.32,3.48,28.81,55.34,-0.008397213
11/9/2011,115.29,3.55,29.85,57.43,-0.002556969
11/8/2011,115.61,3.42,29.21,53.49,0.004203608
11/7/2011,114.75,3.35,30.24,54.27,0.011885398
11/4/2011,112.22,3.44,28.37,54.11,0.041057727
11/3/2011,110.76,3.39,30.12,55.41,0.052853546
11/2/2011,110.82,3.39,30.16,58.83,0.065659136
11/1/2011,106.97,3.49,29.7,62.23,0.079476163
10/31/2011,108.43,3.66,27.45,57.43,0.092990638
10/28/2011,110.01,3.63,25.84,55.12,0.12636386
10/27/2011,112.45,3.59,27.58,57.33,0.135197653
10/26/2011,110.43,3.65,30.79,59.38,0.142878609
10/25/2011,112.11,3.62,29.92,59.04,0.149407728
10/24/2011,111.67,3.61,26.98,59.92,0.154785857
10/21/2011,111.6,3.54,28.89,62.89,0.164535327
10/20/2011,109,3.61,32.08,66.27,0.166172355
10/19/2011,111.76,3.59,31.13,61.96,0.167060507
10/18/2011,112.08,3.63,29.17,58.44,0.167199899
10/17/2011,112.92,3.72,28.93,59.12,0.16659055
10/14/2011,114.33,3.49,26.61,55.14,0.1588202
10/13/2011,112.45,3.42,28.48,59.34,0.153344387
10/12/2011,112.44,3.54,29.51,59.35,0.146354543
10/11/2011,109.22,3.52,30.62,62.8,0.137849757
10/10/2011,109.49,3.41,31.26,64.96,0.127828924
10/7/2011,106.56,3.4,33.16,67.96,0.090162354
10/6/2011,104.38,3.49,35.22,69.83,0.075812018
10/5/2011,103.77,3.63,36.94,73.31,0.060601802
10/4/2011,101.84,3.56,37.74,78.03,0.044529728
10/3/2011,103.61,3.57,36.92,76.21,0.027593707
9/30/2011,105.42,3.68,37.03,76.39,-0.028007795
9/29/2011,107.08,3.77,37.08,76.65,-0.045824005
9/28/2011,108.52,3.88,39.95,80.64,-0.062573311
9/27/2011,109.54,3.92,36.55,73.93,-0.078257892
9/26/2011,107.9,3.8,39.86,79.46,-0.092879786
9/23/2011,109.17,3.74,39.17,75.87,-0.130945457
9/22/2011,109.21,3.72,32.19,55.72,-0.142360899
9/21/2011,114.26,3.78,29.68,45.25,-0.153220452
9/20/2011,114.39,3.84,30.63,45.45,-0.163525529
9/19/2011,112.89,3.78,30.7,45.46,-0.173277469
9/16/2011,116.26,3.84,28.86,44.14,-0.197981442
9/15/2011,116.71,4.04,29.46,45.35,-0.204448413
9/14/2011,113.1,4.01,29.83,46.69,-0.210059889
9/13/2011,114.08,3.96,32.49,48.32,-0.214816601
9/12/2011,114.75,3.92,37.2,52.19,-0.218719166
9/9/2011,115.1,3.96,37.58,50.13,-0.224257627
9/8/2011,117.99,3.99,34.43,48.45,-0.22313308
9/7/2011,117.5,3.96,34.11,49.18,-0.220428863
9/6/2011,113.29,3.93,34.17,50.11,-0.216144624
9/2/2011,115.92,4.12,30.16,47.88,-0.184664127
9/1/2011,116.43,4.18,28.06,47.32,-0.173712783
8/31/2011,116.48,3.97,30.42,49.56,-0.162056767
8/30/2011,115.59,3.85,32.12,50.33,-0.150650367
8/26/2011,112.29,3.96,33.03,49.95,-0.108301871
8/25/2011,111.91,4.01,34.42,53.56,-0.099065415
8/24/2011,111.91,4.1,33.29,54.93,-0.090429244
8/23/2011,110.35,4.01,33.42,53.71,-0.082392233
8/22/2011,108.83,3.97,33.09,53.18,-0.074953339
8/19/2011,109.37,3.99,28.91,50.28,-0.055545304
8/18/2011,108.36,3.98,26.81,46.88,-0.049548112
8/17/2011,111.37,3.98,25.12,44.58,-0.043740506
8/16/2011,109.69,4.03,26.68,45.69,-0.038121731
8/15/2011,108.89,4.05,24.81,45.91,-0.032691057
8/12/2011,108.17,4.17,25.91,48.46,-0.01813197
8/11/2011,107.82,4.06,29.76,52.87,-0.01385642
8/10/2011,103.84,4.09,32.2,54.62,-0.00983502
8/9/2011,103.63,4.06,31.13,54.68,-0.006067248
8/8/2011,103.06,4,28.21,57.86,-0.002552612
8/5/2011,106.92,4,21.74,51.59,0.005906883
8/4/2011,110.22,4.2,22.28,50.92,0.007878609
8/3/2011,113.74,4.26,19.95,43.58,0.009432665
8/2/2011,116.02,4.3,20.09,43.87,0.010569254
8/1/2011,116.37,4.29,19.58,43.49,0.011288523
7/29/2011,115.93,4.26,19.53,44.48,0.015277547
7/28/2011,118.16,4.41,18.99,44.59,0.016657924
7/27/2011,117.99,4.46,19.24,44.38,0.018048399
7/26/2011,118.14,4.43,18.58,43.47,0.019449153
7/25/2011,118.27,4.45,18.69,43.96,0.020860367
7/22/2011,118.99,4.46,16.98,42.49,0.025221235
7/21/2011,118.25,4.58,17.4,43.92,0.026521451
7/20/2011,118.52,4.64,17.91,43.97,0.027709037
7/19/2011,118.18,4.6,18.14,42.83,0.028784149
7/18/2011,117.05,4.6,18.96,44.5,0.029746926
7/15/2011,118.06,4.49,16.91,40.83,0.033095637
7/14/2011,117.38,4.42,17.9,41.24,0.035224767
7/13/2011,118.46,4.43,18.22,40.59,0.037940946
7/12/2011,117.36,4.38,17.63,38.06,0.041244529
7/11/2011,117.35,4.35,16.3,38.43,0.045135944
7/8/2011,117.4,4.19,15.18,36.06,0.058648912
7/7/2011,117.4,4.25,15.29,36.63,0.062953588
7/6/2011,113.55,4.34,15.81,38.03,0.067117728
7/5/2011,113.21,4.4,15.15,38.1,0.071141875
7/1/2011,109.82,4.33,15.06,37.39,0.08659197
6/30/2011,111.71,4.28,15.34,37.45,0.090559083
6/29/2011,111.49,4.4,15.79,38.82,0.093630111
6/28/2011,107.57,4.34,16.84,42.15,0.095805455
6/27/2011,104.57,4.25,17.52,43.93,0.097085397
6/24/2011,104.79,4.2,17.79,42.83,0.095832543
6/23/2011,108.27,4.31,16.97,42.94,0.094068721
6/22/2011,113.59,4.42,16.1,41.67,0.091674594
6/21/2011,112.02,4.37,15.99,42.97,0.088649849
6/20/2011,112.21,4.33,16.64,43.51,0.084994093
6/17/2011,113.74,4.39,17.03,45.11,0.069643709
6/16/2011,114.69,4.54,17.61,46.84,0.06305049
6/15/2011,114.67,4.53,17.32,47.61,0.055748393
6/14/2011,120.35,4.59,15.33,46.15,0.04773647
6/13/2011,120.49,4.75,16.95,49.21,0.039013677
6/10/2011,118.71,4.72,16.51,46.85,0.00776439
6/9/2011,119.95,4.92,16.06,46.19,-0.004869646
6/8/2011,118.43,4.83,16.56,48.23,-0.018657017
6/7/2011,116.14,4.83,16.84,49.32,-0.033599514
6/6/2011,115.4,4.83,18.12,50.85,-0.049699081
6/3/2011,115.09,4.72,16.79,49.9,-0.103967869
6/2/2011,114.3,4.64,17.38,52.11,-0.123484524
6/1/2011,116.15,4.62,17.74,52.74,-0.143678953
5/31/2011,117.18,4.63,16.74,48.42,-0.16366733
5/27/2011,114.85,4.36,16.62,47.36,-0.233293592
5/26/2011,115.06,4.37,16.66,48.34,-0.248646517
5/25/2011,114.47,4.36,17.53,47.74,-0.263237606
5/24/2011,112.52,4.37,17.84,47.67,-0.277068757
5/23/2011,110.13,4.27,18.3,48.3,-0.290141767
5/20/2011,111.25,4.05,17.55,49.89,-0.324162098
5/19/2011,113.2,4.1,17.44,51.57,-0.333201041
5/18/2011,112.54,4.15,18.15,54.65,-0.341032978
5/17/2011,109.39,4.25,19,60.51,-0.347658928
5/16/2011,113.72,4.21,19.33,65.99,-0.353079753
5/13/2011,113.08,4.09,19.77,63.08,-0.363814957
5/12/2011,112.87,4.1,19.23,64.32,-0.36676216
5/11/2011,115.66,4.23,19.47,60.98,-0.369501753
5/10/2011,117.82,4.19,19.14,58.53,-0.37203409
5/9/2011,113.21,4.28,19.95,64.29,-0.374359503
5/6/2011,113.69,4.24,21.4,66.5,-0.379178088
5/5/2011,111.93,4.49,22.06,72.08,-0.380772424
5/4/2011,121.55,4.59,19.8,59.4,-0.382529986
5/3/2011,124.01,4.6,19.61,60.62,-0.384451004
5/2/2011,126.64,4.6,21.11,60.46,-0.386535728
4/28/2011,126.59,4.38,17.82,52.99,-0.390653203
4/27/2011,124.94,4.35,17.76,52.01,-0.387893912
4/26/2011,124.55,4.32,17.3,50.87,-0.383443099
4/21/2011,123.64,4.33,15.7,47.16,-0.343318469
4/20/2011,124.26,4.33,16.38,43.06,-0.333010359
4/19/2011,121.35,4.19,16.31,40.56,-0.321903697
4/18/2011,121.69,4.23,16.73,43.75,-0.309997038
4/15/2011,124.63,4.21,15.78,41.56,-0.272008157
4/14/2011,122.74,4.12,15.06,40.42,-0.259850753
4/13/2011,122.7,4.14,14.72,39.51,-0.248013183
4/12/2011,121.33,4.08,15.65,40.06,-0.236493908
4/11/2011,126.46,4.05,15.26,40.23,-0.22529143
4/8/2011,126.3,4.05,15.59,37.08,-0.19156428
4/7/2011,122.9,4.12,15.74,36.11,-0.178857423
4/6/2011,123.01,4.17,16.05,36.59,-0.1652905
4/5/2011,122.87,4.22,16.41,36.48,-0.150861745
4/4/2011,120.07,4.21,15.82,36.46,-0.135569284
4/1/2011,118.63,4.32,16.24,37.09,-0.086823814
3/31/2011,116.94,4.32,17.16,37.77,-0.070604201
3/30/2011,115.35,4.25,15.91,38.1,-0.05588398
3/29/2011,115.58,4.27,16.4,39.07,-0.042661238
3/28/2011,115.95,4.35,17.09,39.99,-0.030934254
3/25/2011,115.45,4.13,16.95,39.55,-0.004670458
3/24/2011,115.41,4.27,17.61,40.59,0.000928621
3/23/2011,115.65,4.18,16.83,39.18,0.004917778
3/22/2011,115.63,4.05,16.63,40.36,0.007297533
3/21/2011,114.92,3.99,17.01,40.68,0.008068194
3/18/2011,114.13,3.98,18.1,42.3,0.001496646
3/17/2011,114.18,3.85,18.16,44.75,-0.003231837
3/16/2011,110.96,3.86,18.74,45.97,-0.009202336
