observation_date,PCRUDEOIL,CRUDEOIL,FCRUDEOIL
9/10/2018,66.32263775,76.77,78.32263775
9/7/2018,66.65214063,75.55,78.65214063
9/6/2018,67.42633634,75.67,79.42633634
9/5/2018,68.40735699,76.68,80.40735699
9/4/2018,67.98826677,77.51,79.98826677
8/31/2018,68.16065783,76.94,80.16065783
8/30/2018,66.84325212,77.05,78.84325212
8/29/2018,66.98442005,76.07,78.98442005
8/28/2018,65.64574516,75.91,77.64574516
8/24/2018,64.69238547,74.41,76.69238547
8/23/2018,64.17638146,73.73,76.17638146
8/22/2018,63.11190159,72.96,75.11190159
8/21/2018,62.70205003,71.65,74.70205003
8/20/2018,61.70981736,71.11,73.70981736
8/17/2018,60.77227502,70.14,72.77227502
8/16/2018,60.35336888,69.21,72.35336888
8/15/2018,62.60111346,68.38,74.60111346
8/14/2018,62.28338124,70.77,74.28338124
8/13/2018,62.02252852,70.62,74.02252852
8/10/2018,62.14850203,71,74.14850203
8/9/2018,62.60687151,70.55,74.60687151
8/8/2018,63.10560028,70.71,75.10560028
8/7/2018,63.74461551,72.31,75.74461551
8/6/2018,63.9735286,72.51,75.9735286
8/3/2018,64.13921674,72.48,76.13921674
8/2/2018,63.53642541,72.95,75.53642541
8/1/2018,65.05726253,72.28,77.05726253
7/31/2018,66.57317917,74.16,78.57317917
7/30/2018,65.78486554,74.99,77.78486554
7/27/2018,65.67011993,74.84,77.67011993
7/26/2018,64.98896216,74.51,76.98896216
7/25/2018,65.51660274,73.67,77.51660274
7/24/2018,64.7411844,73.53,76.7411844
7/23/2018,63.22442953,73.45,75.22442953
7/20/2018,63.49892947,71.99,75.49892947
7/19/2018,62.16010439,71.94,74.16010439
7/18/2018,62.29242061,70.52,74.29242061
7/17/2018,62.09653441,70.87,74.09653441
7/16/2018,65.11518249,71.03,77.11518249
7/13/2018,63.4670249,74.11,75.4670249
7/12/2018,66.35745871,72.11,78.35745871
7/11/2018,68.19496581,75.35,80.19496581
7/10/2018,67.76235824,77.8,79.76235824
7/9/2018,66.16805955,77.08,78.16805955
7/6/2018,67.39592096,74.98,79.39592096
7/5/2018,66.69254658,77.09,78.69254658
7/3/2018,67.36780558,75.87,79.36780558
7/2/2018,68.04394641,76.71,80.04394641
6/29/2018,67.24773397,77.44,79.24773397
6/28/2018,67.06300861,76.26,79.06300861
6/27/2018,65.20744552,76.09,77.20744552
6/26/2018,64.09707263,73.58,76.09707263
6/25/2018,64.32849597,72.82,76.32849597
6/22/2018,64.22330393,73.67,76.22330393
6/21/2018,65.69066074,72.87,77.69066074
6/20/2018,66.44461738,74.25,78.44461738
6/19/2018,65.71772576,74.92,77.71772576
6/18/2018,63.28926931,74.87,75.28926931
6/15/2018,66.06624448,72.02,78.06624448
6/14/2018,65.93106042,74.77,77.93106042
6/13/2018,65.57319122,75.07,77.57319122
6/12/2018,65.26078173,74.86,77.26078173
6/11/2018,65.95739689,74.58,77.95739689
6/8/2018,66.0326499,75.11,78.0326499
6/7/2018,64.53499187,75.23,76.53499187
6/6/2018,63.80444858,73.23,75.80444858
6/5/2018,64.78568793,72.91,76.78568793
6/4/2018,65.51062038,73.41,77.51062038
6/1/2018,67.41706204,74.54,79.41706204
5/31/2018,66.83917135,76.45,78.83917135
5/30/2018,65.81925429,75.89,77.81925429
5/29/2018,67.41041706,74.51,79.41041706
5/25/2018,69.72173508,76.6,81.72173508
5/24/2018,69.30187743,78.9,81.30187743
5/23/2018,70.43566039,78.69,82.43566039
5/22/2018,69.31552515,80.42,81.31552515
5/21/2018,68.74510323,78.34,80.74510323
5/18/2018,70.45204279,78.38,82.45204279
5/17/2018,68.9831927,80.09,80.9831927
5/16/2018,69.64654918,78.19,81.64654918
5/15/2018,69.24729933,78.94,81.24729933
5/14/2018,68.47313416,78.17,80.47313416
5/11/2018,68.41921371,77.37,80.41921371
5/10/2018,68.63395218,77.59,80.63395218
5/9/2018,65.28785609,77.6,77.28785609
5/8/2018,65.58355933,74.16,77.58355933
5/4/2018,64.29381737,74.75,76.29381737
5/3/2018,64.32355953,73.45,76.32355953
5/2/2018,65.94366557,73.14,77.94366557
5/1/2018,67.01820614,74.85,79.01820614
4/30/2018,66.00788035,75.92,78.00788035
4/27/2018,66.69971897,75.33,78.69971897
4/26/2018,64.81075219,75.39,76.81075219
4/25/2018,66.13709924,73.79,78.13709924
4/24/2018,64.9227368,75.86,76.9227368
4/23/2018,66.12827713,74.54,78.12827713
4/20/2018,65.72047655,74.62,77.72047655
4/19/2018,64.77987796,74.85,76.77987796
4/18/2018,63.02141727,73.73,75.02141727
4/17/2018,63.1116837,71.71,75.1116837
4/16/2018,64.72606591,72.05,76.72606591
4/13/2018,63.18718609,73.18,75.18718609
4/12/2018,64.08946127,71.44,76.08946127
4/11/2018,62.62251976,72.74,74.62251976
4/10/2018,59.77578828,70.67,71.77578828
4/9/2018,58.65887943,68.19,70.65887943
4/6/2018,58.88556312,66.51,70.88556312
4/5/2018,57.98199848,66.54,69.98199848
4/4/2018,60.77084343,66.04,72.77084343
4/3/2018,60.71189139,69.02,72.71189139
3/29/2018,60.18944087,69.02,72.18944087
3/28/2018,60.79849073,68.13,72.79849073
3/27/2018,60.90869112,68.63,72.90869112
3/26/2018,60.69994203,68.81,72.69994203
3/23/2018,61.02639965,69.03,73.02639965
3/22/2018,60.12867109,68.98,72.12867109
3/21/2018,58.44032827,68.15,70.44032827
3/20/2018,57.058267,66,69.058267
3/19/2018,56.90033609,64.82,68.90033609
3/16/2018,55.79636983,64.68,67.79636983
3/15/2018,56.36520356,63.67,68.36520356
3/14/2018,56.86355826,63.61,68.86355826
3/13/2018,56.69475599,64.2,68.69475599
3/12/2018,57.76514821,64.53,69.76514821
3/9/2018,56.41953696,65.19,68.41953696
3/8/2018,57.45099408,63.87,69.45099408
3/7/2018,58.13912628,65.09,70.13912628
3/6/2018,57.96355206,65.67,69.96355206
3/5/2018,56.81455427,65.78,68.81455427
3/2/2018,56.80419089,64.26,68.80419089
3/1/2018,58.43640346,64.23,70.43640346
2/28/2018,59.52300715,66.08,71.52300715
2/27/2018,59.74620818,67.59,71.74620818
2/26/2018,58.60877196,67.96,70.60877196
2/23/2018,58.49542289,67.04,70.49542289
2/22/2018,56.54235318,66.12,68.54235318
2/21/2018,56.7778124,64.81,68.7778124
2/20/2018,56.82403115,64.68,68.82403115
2/16/2018,55.42411078,64.3,67.42411078
2/15/2018,54.82956302,62.86,66.82956302
2/14/2018,54.45004676,62.29,66.45004676
2/13/2018,54.5295695,61.94,66.5295695
2/12/2018,55.77473836,62.2,67.77473836
2/9/2018,56.94567051,63.04,68.94567051
2/8/2018,58.17044494,64.26,70.17044494
2/7/2018,58.45090069,65.74,70.45090069
2/6/2018,59.82884873,66.75,71.82884873
2/5/2018,59.2201686,67.69,71.2201686
2/2/2018,60.80119808,67.45,72.80119808
2/1/2018,59.80554084,68.6,71.80554084
1/31/2018,59.92626548,67.78,71.92626548
1/30/2018,60.53785292,67.78,72.53785292
1/29/2018,61.53747241,68.41,73.53747241
1/26/2018,62.63683143,70.08,74.63683143
1/25/2018,61.13372349,71.08,73.13372349
1/24/2018,61.7645651,69.91,73.7645651
1/23/2018,61.22580548,69.81,73.22580548
1/22/2018,60.30681813,69.32,72.30681813
1/19/2018,61.18047552,68.56,73.18047552
1/18/2018,61.08309117,69.48,73.08309117
1/17/2018,60.70093864,69.19,72.70093864
1/16/2018,61.40771567,69.4,73.40771567
1/12/2018,62.07354771,69.64,74.07354771
1/11/2018,61.04142135,70.36,73.04142135
1/10/2018,60.88558228,69.79,72.88558228
1/9/2018,60.24325567,69.08,72.24325567
1/8/2018,60.58290649,68.48,72.58290649
1/4/2018,59.50654352,68.73,71.50654352
1/3/2018,58.66267604,67.85,70.66267604
1/2/2018,58.73315126,66.65,70.73315126
12/29/2017,59.10125815,66.73,71.10125815
12/28/2017,58.55933478,66.8,70.55933478
12/27/2017,56.59135841,66.03,68.59135841
12/22/2017,56.86839068,64.61,68.86839068
12/21/2017,56.34025041,64.64,68.34025041
12/20/2017,56.24966975,64.43,68.24966975
12/19/2017,56.89335677,63.69,68.89335677
12/18/2017,56.34982694,64.45,68.34982694
12/15/2017,56.30057787,63.81,68.30057787
12/14/2017,55.79577879,63.72,67.79577879
12/13/2017,57.0734245,63.66,69.0734245
12/12/2017,57.94267109,64.96,69.94267109
12/11/2017,56.43006895,65.62,68.43006895
12/8/2017,54.91603255,63.86,66.91603255
12/7/2017,54.94986748,62.37,66.94986748
12/6/2017,55.96366165,62.25,67.96366165
12/5/2017,56.03694282,63.45,68.03694282
12/4/2017,56.77982077,63.45,68.77982077
12/1/2017,55.81107877,64.57,67.81107877
11/30/2017,56.33480522,63.53,68.33480522
11/29/2017,56.22606077,63.74,68.22606077
11/28/2017,55.79018683,63.56,67.79018683
11/27/2017,56.56733495,63.25,68.56733495
11/24/2017,55.60122967,63.58,67.60122967
11/22/2017,54.98300275,62.92,66.98300275
11/21/2017,53.87316414,62.28,65.87316414
11/20/2017,54.22405153,61.34,66.22405153
11/17/2017,54.08011229,61.34,66.08011229
11/16/2017,53.53750112,61.18,65.53750112
11/15/2017,53.87183376,61.25,65.87183376
11/14/2017,55.14221909,60.91,67.14221909
11/13/2017,56.62413156,62.94,68.62413156
11/10/2017,56.79073375,64.35,68.79073375
11/9/2017,56.6689326,64.49,68.6689326
11/8/2017,56.51567772,63.96,68.51567772
11/7/2017,56.89591568,64.36,68.89591568
11/6/2017,54.33338452,64.27,66.33338452
11/3/2017,53.47458882,61.42,65.47458882
11/2/2017,53.17327318,60.79,65.17327318
11/1/2017,54.03522094,60.98,66.03522094
10/31/2017,53.31812273,61.35,65.31812273
10/30/2017,53.01722865,60.65,65.01722865
10/27/2017,51.38329392,60.15,63.38329392
10/26/2017,51.79912672,58.75,63.79912672
10/25/2017,51.06885947,58.45,63.06885947
10/24/2017,50.59518988,57.84,62.59518988
10/23/2017,51.04866844,57.69,63.04866844
10/20/2017,50.70962806,57.89,62.70962806
10/19/2017,51.15397529,57.82,63.15397529
10/18/2017,50.61479929,58.05,62.61479929
10/17/2017,50.1494621,57.63,62.1494621
10/16/2017,49.63001729,57.49,61.63001729
10/13/2017,49.53767766,56.86,61.53767766
10/12/2017,49.29096775,56.13,61.29096775
10/11/2017,50.03556196,56.13,62.03556196
10/10/2017,48.77356347,56.62,60.77356347
10/9/2017,49.15907565,55.29,61.15907565
10/6/2017,50.38708075,55.5,62.38708075
10/5/2017,49.52736604,57.09,61.52736604
10/4/2017,49.26299468,56,61.26299468
10/3/2017,49.24252547,56.12,61.24252547
10/2/2017,50.00004864,55.67,62.00004864
9/29/2017,52.35244545,57.02,64.35244545
9/28/2017,51.84933683,58.8,63.84933683
9/27/2017,52.88805613,58.74,64.88805613
9/26/2017,52.09402915,59.77,64.09402915
9/25/2017,50.94740924,59.42,62.94740924
9/22/2017,50.87020417,58.16,62.87020417
9/21/2017,50.23247641,57.73,62.23247641
9/20/2017,49.70147672,57.2,61.70147672
9/19/2017,48.99021531,56.58,60.99021531
9/18/2017,49.45824012,55.5,61.45824012
9/15/2017,49.88556397,56.18,61.88556397
9/14/2017,48.67284513,56.76,60.67284513
9/13/2017,48.41519453,55.52,60.41519453
9/12/2017,47.71311431,55.06,59.71311431
9/11/2017,48.42670944,54.2,60.42670944
9/8/2017,47.68635733,54.55,59.68635733
9/7/2017,48.17986983,54.16,60.17986983
9/6/2017,47.31687234,54.48,59.31687234
9/5/2017,46.73089593,53.63,58.73089593
9/1/2017,46.47334173,53.15,58.47334173
8/31/2017,45.87521628,52.69,57.87521628
8/30/2017,45.7493213,51.91,57.7493213
8/29/2017,45.76322284,51.64,57.76322284
8/28/2017,45.63385255,51.87,57.63385255
8/25/2017,45.7869721,51.87,57.7869721
8/24/2017,46.00797219,51.73,58.00797219
8/23/2017,46.03472655,52.31,58.03472655
8/22/2017,45.47830577,52.29,57.47830577
8/21/2017,45.12732175,51.94,57.12732175
8/18/2017,44.27495733,50.96,56.27495733
8/17/2017,44.62889651,50.37,56.62889651
8/16/2017,43.76573887,50.39,55.76573887
8/15/2017,45.24428104,49.9,57.24428104
8/14/2017,45.59775065,51.29,57.59775065
8/11/2017,45.85065461,51.47,57.85065461
8/10/2017,46.00957589,52.59,58.00957589
8/9/2017,45.85738177,52.16,57.85738177
8/8/2017,45.38709654,52.18,57.38709654
8/7/2017,46.25273252,51.42,58.25273252
8/4/2017,46.83663769,52.48,58.83663769
8/3/2017,45.90614419,52.88,57.90614419
8/2/2017,44.96033178,52.09,56.96033178
8/1/2017,46.00609764,50.77,58.00609764
7/31/2017,45.95482895,51.99,57.95482895
7/28/2017,44.35584159,52,56.35584159
7/27/2017,44.07041255,50.67,56.07041255
7/26/2017,43.61675659,50.08,55.61675659
7/25/2017,42.24541786,49.19,54.24541786
7/24/2017,42.01770938,47.81,54.01770938
7/21/2017,42.60787444,47.47,54.60787444
7/20/2017,42.61950816,48.54,54.61950816
7/19/2017,42.13991379,48.34,54.13991379
7/18/2017,42.08130137,47.92,54.08130137
7/17/2017,42.13018673,47.66,54.13018673
7/14/2017,41.99932783,47.89,53.99932783
7/13/2017,41.56077146,47.65,53.56077146
7/12/2017,41.06013068,46.73,53.06013068
7/11/2017,40.96895509,46.68,52.96895509
7/10/2017,40.83691049,46.57,52.83691049
7/7/2017,43.24964797,46.47,55.24964797
7/6/2017,42.08569124,48.53,54.08569124
7/5/2017,43.3467167,47.58,55.3467167
7/3/2017,41.15989708,49.13,53.15989708
6/30/2017,41.41951017,47.08,53.41951017
6/29/2017,41.02516932,47.02,53.02516932
6/28/2017,40.62420186,46.45,52.62420186
6/27/2017,38.88713196,46.17,50.88713196
6/26/2017,38.90005093,44.09,50.90005093
6/23/2017,39.19534907,44.14,51.19534907
6/22/2017,39.00947587,44.46,51.00947587
6/21/2017,38.94516282,44.62,50.94516282
6/20/2017,40.39034262,43.98,52.39034262
6/19/2017,40.22274824,45.93,52.22274824
6/16/2017,40.30322304,45.7,52.30322304
6/15/2017,40.08540383,45.61,52.08540383
6/14/2017,41.50573451,45.47,53.50573451
6/13/2017,41.58545563,46.95,53.58545563
6/12/2017,41.0096599,47.18,53.0096599
6/9/2017,40.90158096,46.64,52.90158096
6/8/2017,41.49314104,46.3,53.49314104
6/7/2017,42.54139759,47.08,54.54139759
6/6/2017,42.67817675,48.11,54.67817675
6/5/2017,42.89108632,48.25,54.89108632
6/2/2017,44.49731347,48.46,56.49731347
6/1/2017,43.61217014,50.41,55.61217014
5/31/2017,44.58048336,49.4,56.58048336
5/30/2017,44.97136821,50.65,56.97136821
5/26/2017,46.08601576,50.84,58.08601576
5/25/2017,47.25859865,52.25,59.25859865
5/24/2017,47.05137496,53.29,59.05137496
5/23/2017,46.97273568,53.19,58.97273568
5/22/2017,46.32525937,53.35,58.32525937
5/19/2017,45.21576426,52.78,57.21576426
5/18/2017,45.75379616,51.71,57.75379616
5/17/2017,45.4278645,51.76,57.4278645
5/16/2017,45.25042868,51.21,57.25042868
5/15/2017,43.39294321,51.29,55.39294321
5/12/2017,43.12268722,49.08,55.12268722
5/11/2017,42.35137229,49.18,54.35137229
5/10/2017,41.09141764,48.09,53.09141764
5/9/2017,40.99781465,47.06,52.99781465
5/8/2017,42.10681348,46.61,54.10681348
5/5/2017,41.56338636,47.45,53.56338636
5/4/2017,42.94705185,47.53,54.94705185
5/3/2017,43.24537759,48.82,55.24537759
5/2/2017,44.23578656,49.31,56.23578656
5/1/2017,43.67257734,50.41,55.67257734
4/28/2017,43.43243378,49.46,55.43243378
4/27/2017,44.17350889,49.46,56.17350889
4/26/2017,43.30867006,49.99,55.30867006
4/25/2017,43.83885165,49.37,55.83885165
4/24/2017,43.85977959,49.45,55.85977959
4/21/2017,44.66395278,49.93,56.66395278
4/20/2017,46.13957231,50.66,58.13957231
4/19/2017,46.24634468,52.43,58.24634468
4/18/2017,48.01248292,52.6,60.01248292
4/17/2017,48.43791136,54.79,60.43791136
4/13/2017,48.1263252,55.05,60.1263252
4/12/2017,48.07659862,54.75,60.07659862
4/11/2017,48.11492873,54.73,60.11492873
4/10/2017,47.60416431,54.79,59.60416431
4/7/2017,47.1157761,54.24,59.1157761
4/6/2017,47.00893371,53.62,59.00893371
4/5/2017,46.93950431,53.41,58.93950431
4/4/2017,46.13786836,53.08,58.13786836
4/3/2017,45.74793495,52.04,57.74793495
3/31/2017,46.2120562,52.2,58.2120562
3/30/2017,45.22204125,52.25,57.22204125
3/29/2017,44.40182903,51.36,56.40182903
3/28/2017,44.27569882,50.72,56.27569882
3/27/2017,44.40670817,50.12,56.40670817
3/24/2017,44.14105467,49.97,56.14105467
3/23/2017,43.85333164,50.17,55.85333164
3/22/2017,44.07965546,49.56,56.07965546
3/21/2017,44.8898117,50.14,56.8898117
3/20/2017,44.8681385,50.67,56.8681385
3/17/2017,44.62064598,50.58,56.62064598
3/16/2017,44.44139635,50.56,56.44139635
3/15/2017,43.50696383,50.63,55.50696383
3/14/2017,44.54208971,49.6,56.54208971
3/13/2017,44.48045507,50.1,56.48045507
3/10/2017,44.47192211,50.63,56.47192211
3/9/2017,47.16152555,50.65,59.16152555
3/8/2017,47.79682413,53.3,59.79682413
3/7/2017,48.11836896,54.61,60.11836896
3/6/2017,47.57070409,54.73,59.57070409
3/3/2017,47.86743257,54.12,59.86743257
3/2/2017,48.85296244,54.16,60.85296244
3/1/2017,47.07077129,55.72,59.07077129
2/28/2017,48.34735159,53.36,60.34735159
2/27/2017,48.3000854,54.65,60.3000854
2/24/2017,49.2433078,54.69,61.2433078
2/23/2017,48.58682252,55.82,60.58682252
2/22/2017,49.67059048,54.9,61.67059048
2/21/2017,48.14123984,56.34,60.14123984
2/17/2017,47.79428481,54.48,59.79428481
2/16/2017,48.16897679,54.16,60.16897679
2/15/2017,48.54071021,54.57,60.54071021
2/14/2017,47.81293984,54.96,59.81293984
2/13/2017,48.47145394,54.15,60.47145394
2/10/2017,47.31763952,55.2,59.31763952
2/9/2017,48.09015585,53.98,60.09015585
2/8/2017,47.41258754,54.42,59.41258754
2/7/2017,48.32045482,53.79,60.32045482
2/6/2017,49.23140206,55.02,61.23140206
2/3/2017,49.19227614,55.92,61.19227614
2/2/2017,48.88229486,55.94,60.88229486
2/1/2017,48.49687309,55.79,60.49687309
1/31/2017,48.4317796,55.25,60.4317796
1/30/2017,48.22559175,54.77,60.22559175
1/27/2017,49.44111003,54.8,61.44111003
1/26/2017,48.09897024,55.89,60.09897024
1/25/2017,48.51303271,54.34,60.51303271
1/24/2017,48.49199351,54.7,60.49199351
1/23/2017,48.18260921,54.8,60.18260921
1/20/2017,47.07880338,55.04,59.07880338
1/19/2017,47.47123131,53.18,59.47123131
1/18/2017,48.26994435,53.77,60.26994435
1/17/2017,48.09320667,54.68,60.09320667
1/13/2017,48.05541252,54.37,60.05541252
1/12/2017,47.32639619,54.51,59.32639619
1/11/2017,47.09539279,53.61,59.09539279
1/10/2017,47.58869328,53.2,59.58869328
1/9/2017,49.10151893,54.39,61.10151893
1/6/2017,48.61705934,55.9,60.61705934
1/5/2017,48.21185115,54.99,60.21185115
1/4/2017,48.22761125,54.57,60.22761125
1/3/2017,48.52346572,55.05,60.52346572
12/30/2016,48.63156711,54.96,60.63156711
12/29/2016,48.21463358,54.97,60.21463358
12/28/2016,47.18018415,54.95,59.18018415
12/23/2016,47.66869387,53.93,59.66869387
12/22/2016,46.59162552,54.04,58.59162552
12/21/2016,48.29561763,53.01,60.29561763
12/20/2016,47.1817757,54.56,59.1817757
12/19/2016,47.83655271,53.53,59.83655271
12/16/2016,45.59217036,54.15,57.59217036
12/15/2016,47.25781747,51.72,59.25781747
12/14/2016,47.14285379,53.15,59.14285379
12/13/2016,47.45370251,53.28,59.45370251
12/12/2016,45.93705652,53.99,57.93705652
12/9/2016,45.88629088,52.19,57.88629088
12/8/2016,45.53722719,51.6,57.53722719
12/7/2016,46.0628918,51.9,58.0628918
12/6/2016,47.1709832,52.31,59.1709832
12/5/2016,45.96075777,53.3,57.96075777
12/2/2016,46.07218336,52.35,58.07218336
12/1/2016,42.38078754,52.28,54.38078754
11/30/2016,39.34944054,47.95,51.34944054
11/29/2016,41.06600598,44.68,53.06600598
11/28/2016,40.74698341,46.64,52.74698341
11/25/2016,41.13301402,46.32,53.13301402
11/23/2016,40.65088138,46.54,52.65088138
11/22/2016,40.61749974,46.1,52.61749974
11/21/2016,39.07141335,45.96,51.07141335
11/18/2016,38.92371929,44.41,50.92371929
11/17/2016,39.487198,44.57,51.487198
11/16/2016,38.82632266,45.07,50.82632266
11/15/2016,36.80337787,44.15,48.80337787
11/14/2016,36.80236877,41.83,48.80236877
11/11/2016,38.53003948,41.61,50.53003948
11/10/2016,38.69954337,43.67,50.69954337
11/9/2016,38.26749192,43.88,50.26749192
11/8/2016,37.7933682,43.47,49.7933682
11/7/2016,37.7728418,42.83,49.7728418
11/4/2016,38.64629385,43.06,50.64629385
11/3/2016,39.16060496,43.84,51.16060496
11/2/2016,40.54477347,44.26,52.54477347
11/1/2016,40.20119666,45.77,52.20119666
10/31/2016,42.21357562,46.2,54.21357562
10/28/2016,43.37353515,47.78,55.37353515
10/27/2016,43.00335005,49.13,55.00335005
10/26/2016,43.53564377,48.98,55.53564377
10/25/2016,43.71047523,49.08,55.71047523
10/24/2016,43.86675023,49.8,55.86675023
10/21/2016,44.30208141,50.28,56.30208141
10/20/2016,45.7451956,50.42,57.7451956
10/19/2016,43.98117171,51.85,55.98117171
10/18/2016,43.29050643,49.81,55.29050643
10/17/2016,43.07367461,49.31,55.07367461
10/14/2016,42.96060886,48.87,54.96060886
10/13/2016,43.96422719,49.29,55.96422719
10/12/2016,44.11059834,49.53,56.11059834
10/11/2016,45.23766951,50.48,57.23766951
10/10/2016,44.30020965,51.54,56.30020965
10/7/2016,44.29701236,50.49,56.29701236
10/6/2016,43.74624542,50.14,55.74624542
10/5/2016,43.06052144,49.57,55.06052144
10/4/2016,42.8356099,48.81,54.8356099
10/3/2016,42.40016389,48.61,54.40016389
9/30/2016,42.52254055,48.24,54.52254055
9/29/2016,39.77302154,48.43,51.77302154
9/28/2016,39.50703802,45.49,51.50703802
9/27/2016,41.25522916,44.95,53.25522916
9/26/2016,41.348051,46.61,53.348051
9/23/2016,41.62168097,46.71,53.62168097
9/22/2016,40.47472205,47.21,52.47472205
9/21/2016,39.98095267,45.99,51.98095267
9/20/2016,40.58747796,45.24,52.58747796
9/19/2016,39.88261399,46.04,51.88261399
9/16/2016,40.13102685,45.26,52.13102685
9/15/2016,40.15750521,45.83,52.15750521
9/14/2016,40.79735443,45.65,52.79735443
9/13/2016,41.92838713,46.48,53.92838713
9/12/2016,42.4588658,47.82,54.4588658
9/9/2016,43.04528732,48.37,55.04528732
9/8/2016,41.2138999,49.23,53.2138999
9/7/2016,40.74742008,47,52.74742008
9/6/2016,40.54103748,46.21,52.54103748
9/2/2016,39.8955339,45.96,51.8955339
9/1/2016,42.11885557,45.05,54.11885557
8/31/2016,42.23247279,47.94,54.23247279
8/30/2016,44.11854018,47.94,56.11854018
8/29/2016,43.74246479,49.66,55.74246479
8/26/2016,43.45795405,49.66,55.45795405
8/25/2016,41.81666835,49.25,53.81666835
8/24/2016,42.90676934,47.56,54.90676934
8/23/2016,42.46952981,48.7,54.46952981
8/22/2016,43.30627115,48.1,55.30627115
8/19/2016,43.40115501,49.39,55.40115501
8/18/2016,42.90640607,49.46,54.90640607
8/17/2016,42.80036621,48.58,54.80036621
8/16/2016,41.86763186,48.27,53.86763186
8/15/2016,39.80833571,47.31,51.80833571
8/12/2016,38.8891195,45.12,50.8891195
8/11/2016,37.22777898,44.23,49.22777898
8/10/2016,38.32943661,42.19,50.32943661
8/9/2016,38.23080805,43.37,50.23080805
8/8/2016,37.44170717,43.24,49.44170717
8/5/2016,36.60005443,42.47,48.60005443
8/4/2016,35.61904719,41.33,47.61904719
8/3/2016,35.10038212,40.45,47.10038212
8/2/2016,35.55011406,40,47.55011406
8/1/2016,35.95146451,40.17,47.95146451
7/29/2016,36.8320507,40.76,48.8320507
7/28/2016,37.65326782,41.87,49.65326782
7/27/2016,38.25567385,42.78,50.25567385
7/26/2016,38.67096681,43.56,50.67096681
7/25/2016,39.07859089,43.76,51.07859089
7/22/2016,39.55753087,44.24,51.55753087
7/21/2016,40.22749216,44.99,52.22749216
7/20/2016,40.01595711,45.82,52.01595711
7/19/2016,40.05564003,45.7,52.05564003
7/18/2016,40.76364603,45.35,52.76364603
7/15/2016,40.28230372,46.25,52.28230372
7/14/2016,39.69493549,46.01,51.69493549
7/13/2016,40.80571068,44.67,52.80571068
7/12/2016,39.01499815,46.72,51.01499815
7/11/2016,39.17914456,44.04,51.17914456
7/8/2016,40.84727051,44.53,52.84727051
7/7/2016,40.17695244,45.93,52.17695244
7/6/2016,40.07646984,45.7,52.07646984
7/5/2016,41.95787101,45.64,53.95787101
7/1/2016,42.25736698,47.65,54.25736698
6/30/2016,42.53999529,48.05,54.53999529
6/29/2016,40.92849227,48.4,52.92849227
6/28/2016,39.92492624,46.29,51.92492624
6/27/2016,41.32481857,45.07,53.32481857
6/24/2016,42.5040896,46.69,54.5040896
6/23/2016,42.57508664,48.63,54.57508664
6/22/2016,42.61319365,48.43,54.61319365
6/21/2016,43.05239058,48.18,55.05239058
6/20/2016,41.05678629,48.68,53.05678629
6/17/2016,40.46739191,46.57,52.46739191
6/16/2016,41.81706796,45.66,53.81706796
6/15/2016,42.45351328,47.47,54.45351328
6/14/2016,43.16360778,47.88,55.16360778
6/13/2016,43.54000259,49.36,55.54000259
6/10/2016,44.24113904,49.7,56.24113904
6/9/2016,45.01433317,50.59,57.01433317
6/8/2016,43.7534369,50.73,55.7534369
6/7/2016,43.05108275,49.76,55.05108275
6/6/2016,42.53933259,48.94,54.53933259
6/3/2016,43.10565647,48.5,55.10565647
6/2/2016,43.05446692,49.05,55.05446692
6/1/2016,43.30368553,48.81,55.30368553
5/31/2016,43.13157001,49.26,55.13157001
5/27/2016,43.57845903,49.09,55.57845903
5/26/2016,43.084782,49.52,55.084782
5/25/2016,42.95561357,48.87,54.95561357
5/24/2016,42.23027408,48.42,54.23027408
5/23/2016,42.83396552,47.77,54.83396552
5/20/2016,41.11891561,48.54,53.11891561
5/19/2016,43.19179491,47.01,55.19179491
5/18/2016,42.49654239,48.93,54.49654239
5/17/2016,42.78626334,48.71,54.78626334
5/16/2016,41.24103415,48.49,53.24103415
5/13/2016,40.925574,47.05,52.925574
5/12/2016,40.41949083,46.43,52.41949083
5/11/2016,38.74789017,46.08,50.74789017
5/10/2016,37.41015615,44.01,49.41015615
5/9/2016,39.32046856,42.43,51.32046856
5/6/2016,39.2251225,44.6,51.2251225
5/5/2016,37.98799179,44.39,49.98799179
5/4/2016,37.78327944,43.08,49.78327944
5/3/2016,40.56437186,43.09,52.56437186
5/2/2016,40.06824178,45.82,52.06824178
4/29/2016,40.30657374,45.64,52.30657374
4/28/2016,39.0793771,45.6,51.0793771
4/27/2016,38.7894337,44.17,50.7894337
4/26/2016,37.84004308,43.94,49.84004308
4/25/2016,38.86150169,42.97,50.86150169
4/22/2016,38.24331544,43.97,50.24331544
4/21/2016,37.83639872,43.48,49.83639872
4/20/2016,37.84036813,43.09,49.84036813
4/19/2016,36.688112,43.02,48.688112
4/18/2016,36.43052795,41.64,48.43052795
4/15/2016,38.10789434,41.32,50.10789434
4/14/2016,37.79458828,43.02,49.79458828
4/13/2016,37.84733312,42.81,49.84733312
4/12/2016,36.75010538,43.02,48.75010538
4/11/2016,35.83660679,41.58,47.83660679
4/8/2016,32.8889392,40.71,44.8889392
4/7/2016,33.26969571,37.15,45.26969571
4/6/2016,31.56560318,37.77,43.56560318
4/5/2016,31.91831465,35.88,43.91831465
4/4/2016,32.27370064,36.05,44.27370064
4/1/2016,32.39311755,36.42,44.39311755
3/31/2016,32.27736981,36.75,44.27736981
3/30/2016,32.61109665,36.75,44.61109665
3/29/2016,33.89044003,36.75,45.89044003
3/28/2016,33.56036904,38.33,45.56036904
3/24/2016,34.24075716,38.33,46.24075716
3/23/2016,35.86705655,38.84,47.86705655
3/22/2016,34.97020639,40.54,46.97020639
3/21/2016,34.64452124,39.91,46.64452124
3/18/2016,34.81694596,39.26,46.81694596
3/17/2016,33.86576338,39.29,45.86576338
3/16/2016,33.23163422,38.38,45.23163422
3/15/2016,33.56753722,37.49,45.56753722
3/14/2016,34.82790815,38.06,46.82790815
3/11/2016,34.12310832,39.41,46.12310832
3/10/2016,35.33925015,38.63,47.33925015
3/9/2016,34.53817585,40.26,46.53817585
3/8/2016,34.53157963,39.16,46.53157963
3/7/2016,33.20468299,39.02,45.20468299
3/4/2016,31.37433167,37.61,43.37433167
3/3/2016,32.09333599,35.75,44.09333599
3/2/2016,31.59462357,36.38,43.59462357
3/1/2016,31.56106812,35.73,43.56106812
2/29/2016,31.64263729,35.92,43.64263729
2/26/2016,29.0651799,35.76,41.0651799
2/25/2016,27.83238052,32.83,39.83238052
2/24/2016,28.10784601,31.5,40.10784601
2/23/2016,29.57401588,31.9,41.57401588
2/22/2016,27.76218631,33.59,39.76218631
2/19/2016,29.30020137,31.66,41.30020137
2/18/2016,29.24931235,33.2,41.24931235
2/17/2016,27.37161947,33.21,39.37161947
2/16/2016,28.13301167,31.09,40.13301167
2/12/2016,25.31599542,31.8,37.31599542
2/11/2016,26.31599533,28.82,38.31599533
2/10/2016,26.53474188,29.64,38.53474188
2/9/2016,28.02940858,30.15,40.02940858
2/8/2016,28.53487124,31.64,40.53487124
2/5/2016,28.85425274,32.35,40.85425274
2/4/2016,28.65370793,32.76,40.65370793
2/3/2016,27.46883229,32.38,39.46883229
2/2/2016,28.7193739,30.98,40.7193739
2/1/2016,29.32513773,32.45,41.32513773
1/29/2016,29.05799315,33.14,41.05799315
1/28/2016,28.02706325,33.01,40.02706325
1/27/2016,27.28052315,31.83,39.28052315
1/26/2016,26.26174548,30.94,38.26174548
1/25/2016,26.90718296,29.82,38.90718296
1/22/2016,24.21360477,30.46,36.21360477
1/21/2016,22.93711536,27.59,34.93711536
1/20/2016,24.18438774,26.01,36.18438774
1/19/2016,25.61611277,27.36,37.61611277
1/15/2016,25.53077864,28.8,37.53077864
1/14/2016,25.35574217,28.84,37.35574217
1/13/2016,25.7432388,28.58,37.7432388
1/12/2016,26.50437991,29.14,38.50437991
1/11/2016,27.94302083,30.14,39.94302083
1/8/2016,29.46616433,31.67,41.46616433
1/7/2016,30.00157285,33.57,42.00157285
1/6/2016,31.53038725,33.89,43.53038725
1/5/2016,31.87115972,35.56,43.87115972
1/4/2016,32.17917563,36.28,44.17917563
12/31/2015,31.16942592,36.61,43.16942592
12/30/2015,32.77494983,35.65,44.77494983
12/29/2015,32.83642704,36.85,44.83642704
12/28/2015,33.03433362,37.08,45.03433362
12/24/2015,31.6685112,37.22,43.6685112
12/23/2015,30.94896126,35.79,42.94896126
12/22/2015,30.99346051,35.26,42.99346051
12/21/2015,32.54879385,35.34,44.54879385
12/18/2015,31.87655859,36.76,43.87655859
12/17/2015,32.36976496,36.29,44.36976496
12/16/2015,33.18259193,36.96,45.18259193
12/15/2015,32.35421546,37.66,44.35421546
12/14/2015,32.53683281,36.51,44.53683281
12/11/2015,34.03789723,36.99,46.03789723
12/10/2015,34.50793766,38.65,46.50793766
12/9/2015,34.72457984,39.04,46.72457984
12/8/2015,34.92448736,39.44,46.92448736
12/7/2015,36.6422929,39.69,48.6422929
12/4/2015,37.15350812,41.44,49.15350812
12/3/2015,36.60781587,42,48.60781587
12/2/2015,38.06879444,41.92,50.06879444
12/1/2015,38.60873349,42.97,50.60873349
11/30/2015,37.8502248,43.73,49.8502248
11/27/2015,38.41303099,43.07,50.41303099
11/25/2015,39.09217798,43.56,51.09217798
11/24/2015,38.66640419,44.38,50.66640419
11/23/2015,37.38451667,43.7,49.38451667
11/20/2015,37.01024961,42.49,49.01024961
11/19/2015,36.49382887,42.22,48.49382887
11/18/2015,36.22189476,41.45,48.22189476
11/17/2015,35.36864751,41.28,47.36864751
11/16/2015,37.2065317,40.28,49.2065317
11/13/2015,39.82356979,41.98,51.82356979
11/12/2015,39.69105229,44.98,51.69105229
11/11/2015,40.975087,44.98,52.975087
11/10/2015,40.2182479,46.44,52.2182479
11/9/2015,40.59508586,45.38,52.59508586
11/6/2015,41.57837788,46.09,53.57837788
11/5/2015,41.45374042,47.19,53.45374042
11/4/2015,42.52718579,46.96,54.52718579
11/3/2015,42.34284769,48,54.34284769
11/2/2015,42.22027533,47.91,54.22027533
10/30/2015,42.46374952,48,54.46374952
10/29/2015,41.89939777,48.04,53.89939777
10/28/2015,40.24072408,47.6,52.24072408
10/27/2015,41.47476117,45.54,53.47476117
10/26/2015,40.97471211,46.57,52.97471211
10/23/2015,41.02639191,46.3,53.02639191
10/22/2015,41.17012284,46.59,53.17012284
10/21/2015,41.13700345,46.72,53.13700345
10/20/2015,41.94990426,46.93,53.94990426
10/19/2015,43.25084568,47.51,55.25084568
10/16/2015,41.9200804,48.96,53.9200804
10/15/2015,42.76674317,47.87,54.76674317
10/14/2015,43.18071337,48.25,55.18071337
10/13/2015,44.61814869,48.94,56.61814869
10/12/2015,46.10534023,50.95,58.10534023
10/9/2015,45.91320283,52.08,57.91320283
10/8/2015,45.5759661,52.13,57.5759661
10/7/2015,45.08553738,51.66,57.08553738
10/6/2015,43.51371805,51.34,55.51371805
10/5/2015,41.15703778,49.45,53.15703778
10/2/2015,42.01789173,46.55,54.01789173
10/1/2015,41.87958936,47.48,53.87958936
9/30/2015,41.88158653,47.29,53.88158653
9/29/2015,40.6487348,47.58,52.6487348
9/28/2015,41.61617822,46.04,53.61617822
9/25/2015,41.74219189,47.28,53.74219189
9/24/2015,42.2829276,47.06,54.2829276
9/23/2015,41.02695728,48,53.02695728
9/22/2015,42.02146307,46.69,54.02146307
9/21/2015,41.72130967,47.64,53.72130967
9/18/2015,42.52825443,47.28,54.52825443
9/17/2015,43.36308355,48.27,55.36308355
9/16/2015,40.66048397,49.35,52.66048397
9/15/2015,40.47442233,45.91,52.47442233
9/14/2015,41.37626261,45.87,53.37626261
9/11/2015,41.99992122,46.87,53.99992122
9/10/2015,42.41240915,47.77,54.41240915
9/9/2015,42.78468846,48.04,54.78468846
9/8/2015,42.57943811,48.88,54.57943811
9/4/2015,44.42436486,48.59,56.42436486
9/3/2015,42.02241938,50.41,54.02241938
9/2/2015,42.82157957,47.67,54.82157957
9/1/2015,42.19013074,48.8,54.19013074
8/28/2015,39.30771484,47.97,51.30771484
8/27/2015,36.80904044,44.46,48.80904044
8/26/2015,36.75721096,41.76,48.75721096
8/25/2015,36.83904745,41.86,48.83904745
8/24/2015,38.48427946,41.59,50.48427946
8/21/2015,40.08119311,43.84,52.08119311
8/20/2015,40.36703107,45.63,52.36703107
8/19/2015,41.50968236,45.75,53.50968236
8/18/2015,42.1249223,47,54.1249223
8/17/2015,42.22290232,47.77,54.22290232
8/14/2015,42.49904369,47.79,54.49904369
8/13/2015,42.32492427,48.01,54.32492427
8/12/2015,41.75785364,48.29,53.75785364
8/11/2015,42.6733813,47.33,54.6733813
8/10/2015,41.72635344,48.3,53.72635344
8/7/2015,41.74951805,47.54,53.74951805
8/6/2015,42.85248037,47.8,54.85248037
8/5/2015,43.16146738,49.04,55.16146738
8/4/2015,43.53720284,49.08,55.53720284
8/3/2015,46.86037908,49.49,58.86037908
7/31/2015,47.80572631,53.29,59.80572631
7/30/2015,48.24052227,54.29,60.24052227
7/29/2015,47.68052185,54.73,59.68052185
7/28/2015,47.78303881,54.3,59.78303881
7/27/2015,47.9280434,54.07,59.9280434
7/24/2015,49.09626148,54.29,61.09626148
7/23/2015,49.40923471,55.76,61.40923471
7/22/2015,49.59446087,56.36,61.59446087
7/21/2015,49.95585395,55.94,61.95585395
7/20/2015,49.59049623,56.42,61.59049623
7/17/2015,50.22677665,56.38,62.22677665
7/16/2015,50.44923902,57.31,62.44923902
7/15/2015,49.97665475,57.34,61.97665475
7/14/2015,50.33112418,57.2,62.33112418
7/13/2015,50.63618544,57.63,62.63618544
7/10/2015,51.00101936,57.72,63.00101936
7/9/2015,48.66359103,57.83,60.66359103
7/8/2015,48.31316806,55.7,60.31316806
7/7/2015,50.37612972,54.72,62.37612972
7/6/2015,54.16872251,57.19,66.16872251
7/2/2015,54.4626037,61.73,66.4626037
7/1/2015,53.06295171,61.65,65.06295171
6/30/2015,51.94316795,60.31,63.94316795
6/29/2015,52.53106751,59.03,64.53106751
6/26/2015,53.106231,60.14,65.106231
6/25/2015,54.36752341,60.24,66.36752341
6/24/2015,54.7341965,61.63,66.7341965
6/23/2015,53.42771814,61.67,65.42771814
6/22/2015,52.52059781,60.54,64.52059781
6/19/2015,54.10824297,59.41,66.10824297
6/18/2015,53.36568171,61.37,65.36568171
6/17/2015,53.30183134,60.75,65.30183134
6/16/2015,53.5249193,60.75,65.5249193
6/15/2015,55.92165789,60.99,67.92165789
6/12/2015,56.22915841,63.19,68.22915841
6/11/2015,56.82627095,63.76,68.82627095
6/10/2015,55.65932189,64.68,67.65932189
6/9/2015,54.05766892,63.23,66.05766892
6/8/2015,53.5618675,61.33,65.5618675
6/5/2015,53.28455021,60.36,65.28455021
6/4/2015,55.05151898,60.34,67.05151898
6/3/2015,55.72418604,62.78,67.72418604
6/2/2015,55.41780426,63.14,67.41780426
6/1/2015,55.64840784,62.87,67.64840784
5/29/2015,52.82911105,63.16,64.82911105
5/28/2015,54.03054644,60.12,66.03054644
5/27/2015,54.15415553,61.35,66.15415553
5/26/2015,57.39029279,61.65,69.39029279
5/22/2015,56.97021012,64.7,68.97021012
5/21/2015,55.57278135,64.7,67.57278135
5/20/2015,55.87363418,63.52,67.87363418
5/19/2015,57.54181729,63.48,69.54181729
5/18/2015,56.81828352,65.15,68.81828352
5/15/2015,57.61247205,64.69,69.61247205
5/14/2015,58.17707778,65.58,70.17707778
5/13/2015,57.14120665,66.33,69.14120665
5/12/2015,55.4639933,65.09,67.4639933
5/11/2015,56.31068673,62.82,68.31068673
5/8/2015,57.17897935,63.82,69.17897935
5/7/2015,58.51199213,64.93,70.51199213
5/6/2015,57.74458195,66.22,69.74458195
5/5/2015,56.73063668,65.44,68.73063668
5/4/2015,56.38733376,64.62,68.38733376
5/1/2015,56.40136073,64.13,68.40136073
4/30/2015,56.14762222,63.9,68.14762222
4/29/2015,54.6256092,63.97,66.6256092
4/28/2015,55.55042765,62.61,67.55042765
4/27/2015,55.22462408,62.86,67.22462408
4/24/2015,55.19766929,62.96,67.19766929
4/23/2015,52.96499359,62.66,64.96499359
4/22/2015,52.71891137,60.12,64.71891137
4/21/2015,53.73555476,60.12,65.73555476
4/20/2015,54.44173524,61.2,66.44173524
4/17/2015,53.27025126,61.31,65.27025126
4/16/2015,52.5159078,60.13,64.5159078
4/15/2015,51.08434341,59.32,63.08434341
4/14/2015,49.79950649,57.69,61.79950649
4/13/2015,50.15959888,57.14,62.15959888
4/10/2015,49.29183553,56.82,61.29183553
4/9/2015,49.73678339,56.04,61.73678339
4/8/2015,50.47718061,56.42,62.47718061
4/7/2015,49.52578547,57.55,61.52578547
4/6/2015,49.22215535,55.73,61.22215535
4/2/2015,48.97271678,55.73,60.97271678
4/1/2015,47.62440549,55.73,59.62440549
3/31/2015,47.61054911,53.69,59.61054911
3/30/2015,49.54477451,53.99,61.54477451
3/27/2015,50.0911955,56.44,62.0911955
3/26/2015,48.08435426,57.02,60.08435426
3/25/2015,47.16646248,54.18,59.16646248
3/24/2015,47.42428141,53.61,59.42428141
3/23/2015,47.41173726,53.82,59.41173726
3/20/2015,46.8622234,53.88,58.8622234
3/19/2015,46.67529534,52.96,58.67529534
3/18/2015,46.25704281,52.59,58.25704281
3/17/2015,45.82031456,52.17,57.82031456
3/16/2015,48.47490007,52,60.47490007
3/13/2015,49.7817969,54.8,61.7817969
3/12/2015,49.81871375,56.66,61.81871375
3/11/2015,49.40233298,56.46,61.40233298
3/10/2015,51.53772617,55.95,63.53772617
3/9/2015,52.33149132,58.67,64.33149132
3/6/2015,53.05821805,59.15,65.05821805
3/5/2015,51.71732055,60.33,63.71732055
3/4/2015,53.57053201,59.18,65.57053201
3/3/2015,53.62746245,61.18,65.62746245
3/2/2015,54.82201079,60.75,66.82201079
2/27/2015,53.85022989,61.89,65.85022989
2/26/2015,52.91224048,61.39,64.91224048
2/25/2015,53.10422062,59.77,65.10422062
2/24/2015,52.69597585,60.33,64.69597585
2/23/2015,53.77560092,59.78,65.77560092
2/20/2015,51.93015069,60.99,63.93015069
2/19/2015,54.10083358,58.78,66.10083358
2/18/2015,53.33871875,60.72,65.33871875
2/17/2015,53.30567699,60.78,65.30567699
2/13/2015,49.74570181,60.33,61.74570181
2/12/2015,47.27111397,56.23,59.27111397
2/11/2015,49.21489789,53.48,61.21489789
2/10/2015,50.30713645,55.79,62.30713645
2/9/2015,49.27819182,57,61.27819182
2/6/2015,49.40109967,55.88,61.40109967
2/5/2015,48.5527182,55.98,60.5527182
2/4/2015,47.63947583,55.07,59.63947583
2/3/2015,45.64405796,54.41,57.64405796
2/2/2015,41.56093486,51.74,53.56093486
1/30/2015,41.0248732,47.52,53.0248732
1/29/2015,41.37215435,46.61,53.37215435
1/28/2015,41.1316622,47.07,53.1316622
1/27/2015,40.12954073,46.55,52.12954073
1/26/2015,41.00776123,46.07,53.00776123
1/23/2015,40.47366025,46.69,52.47366025
1/22/2015,40.7821146,46.09,52.7821146
1/21/2015,40.7987843,46.5,52.7987843
1/20/2015,41.81922414,46.49,53.81922414
1/16/2015,41.95917306,47.38,53.95917306
1/15/2015,40.24805956,47.66,52.24805956
1/14/2015,39.81401505,45.82,51.81401505
1/13/2015,41.0412249,45.13,53.0412249
1/12/2015,41.81494121,46.9,53.81494121
1/9/2015,43.50575643,47.64,55.50575643
1/8/2015,43.232597,49.43,55.232597
1/7/2015,43.8698292,49.06,55.8698292
1/6/2015,44.93730601,50.12,56.93730601
1/5/2015,48.96608365,51.08,60.96608365
1/2/2015,48.63984189,55.38,60.63984189
12/31/2014,48.92184934,55.27,60.92184934
12/30/2014,50.51465317,55.6,62.51465317
12/29/2014,51.64590404,57.86,63.64590404
12/26/2014,51.67536556,58.72,63.67536556
12/24/2014,52.17485201,58.67,64.17485201
12/23/2014,51.30296455,59.07,63.30296455
12/22/2014,51.73571615,58.31,63.73571615
12/19/2014,52.21607217,58.87,64.21607217
12/18/2014,52.37366201,58.81,64.37366201
12/17/2014,53.18887461,59.84,65.18887461
12/16/2014,53.51281327,60.26,65.51281327
12/15/2014,54.73823877,61.09,66.73823877
12/12/2014,56.0896121,61.67,68.0896121
12/11/2014,55.80412424,63.65,67.80412424
12/10/2014,58.0839502,63.32,70.0839502
12/9/2014,57.94189267,66.11,69.94189267
12/8/2014,59.99674303,65.64,71.99674303
12/5/2014,60.38416947,68,72.38416947
12/4/2014,61.99416,68.48,73.99416
12/3/2014,62.66726483,70.13,74.66726483
12/2/2014,62.20055744,71.13,74.20055744
12/1/2014,63.8420315,70.87,75.8420315
11/28/2014,68.24800677,71.89,80.24800677
11/26/2014,68.00718372,77.39,80.00718372
11/25/2014,69.97559319,77.62,81.97559319
11/24/2014,69.75671505,79.62,81.75671505
11/21/2014,68.37785573,79.2,80.37785573
11/20/2014,68.02492508,77.61,80.02492508
11/19/2014,67.56742554,77.21,79.56742554
11/18/2014,68.22999579,77.23,80.22999579
11/17/2014,68.62531792,76.86,80.62531792
11/14/2014,68.29143163,77.51,80.29143163
11/13/2014,70.95141089,77.74,82.95141089
11/12/2014,71.15366305,80.42,83.15366305
11/11/2014,72.67911502,80.94,84.67911502
11/10/2014,73.46232503,82.9,85.46232503
11/7/2014,72.54879245,83.2,84.54879245
11/6/2014,73.00343681,82.08,85.00343681
11/5/2014,72.79840816,82.88,84.79840816
11/4/2014,74.80185617,82.12,86.80185617
11/3/2014,74.35243779,84.9,86.35243779
10/31/2014,75.5932584,84.17,87.5932584
10/30/2014,76.59505946,85.5,88.59505946
10/29/2014,76.07899728,86.91,88.07899728
10/28/2014,74.87135671,85.57,86.87135671
10/27/2014,75.42144524,85.64,87.42144524
10/24/2014,75.60963129,86,87.60963129
10/23/2014,76.02380677,85.94,88.02380677
10/22/2014,74.7027547,86.38,86.7027547
10/21/2014,74.79233868,85.17,86.79233868
10/20/2014,75.13160229,84.42,87.13160229
10/17/2014,74.16582713,85.27,86.16582713
10/16/2014,74.1991198,84.02,86.1991198
10/15/2014,76.17277062,84.02,88.17277062
10/14/2014,77.23505629,86.36,89.23505629
10/13/2014,78.17563979,87.82,90.17563979
10/10/2014,79.74288039,88.66,91.74288039
10/9/2014,79.63976732,90.47,91.63976732
10/8/2014,80.2664677,90.25,92.2664677
10/7/2014,79.24082872,90.9,91.24082872
10/6/2014,80.1611546,90.65,92.1611546
10/3/2014,81.053501,90.8,93.053501
10/2/2014,83.81385263,91.29,95.81385263
10/1/2014,83.45354171,94.57,95.45354171
9/30/2014,84.26067479,94.67,96.26067479
9/29/2014,84.01083111,95.7,96.01083111
9/26/2014,83.74122616,95.08,95.74122616
9/25/2014,83.06742286,95.2,95.06742286
9/24/2014,83.89861839,94.53,95.89861839
9/23/2014,84.26290751,94.87,96.26290751
9/22/2014,85.64589704,95.37,97.64589704
9/19/2014,85.90993994,96.75,97.90993994
9/18/2014,86.2583868,96.82,98.2583868
9/17/2014,85.90989238,97.7,97.90989238
9/16/2014,85.21131827,97.39,97.21131827
9/15/2014,84.35084849,96.43,96.35084849
9/12/2014,85.31596922,96.31,97.31596922
9/11/2014,84.56777403,96.42,96.56777403
9/10/2014,86.71788673,96.26,98.71788673
9/9/2014,87.39384104,98.08,99.39384104
9/8/2014,88.12428459,99.53,100.1242846
9/5/2014,89.28191364,99.51,101.2819136
9/4/2014,88.95405267,101.21,100.9540527
9/3/2014,88.85627047,100.88,100.8562705
9/2/2014,89.20739841,100.21,101.2073984
8/29/2014,88.86640434,101.12,100.8664043
8/28/2014,88.30760297,100.71,100.307603
8/27/2014,88.34398039,100.4,100.3439804
8/26/2014,88.55013344,100.5,100.5501334
8/25/2014,88.16887038,100.49,100.1688704
8/22/2014,88.2249663,100.09,100.2249663
8/21/2014,88.76212884,100.28,100.7621288
8/20/2014,87.34971461,99.92,99.34971461
8/19/2014,87.72201898,99.74,99.72201898
8/18/2014,88.92376164,99.37,100.9237616
8/15/2014,90.19168119,101.13,102.1916812
8/14/2014,90.42128989,101.15,102.4212899
8/13/2014,89.8556141,102.27,101.8556141
8/12/2014,91.08128095,101.68,103.081281
8/11/2014,91.18435419,103.47,103.1843542
8/8/2014,90.77925974,103.36,102.7792597
8/7/2014,91.81403869,104.02,103.8140387
8/6/2014,90.28843674,104.17,102.2884367
8/5/2014,90.96576275,102.82,102.9657628
8/4/2014,91.3771636,103.63,103.3771636
8/1/2014,91.49315834,103.45,103.4931583
7/31/2014,93.03365865,104.94,105.0336587
7/30/2014,94.19547047,106.47,106.1954705
7/29/2014,93.7626706,106.98,105.7626706
7/28/2014,94.69038081,106.7,106.6903808
7/25/2014,93.2410258,106.89,105.2410258
7/24/2014,94.0854064,105.78,106.0854064
7/23/2014,93.961026,106.85,105.961026
7/22/2014,92.96724054,106.48,104.9672405
7/21/2014,93.59549299,105.71,105.595493
7/18/2014,93.28003174,106.03,105.2800317
7/17/2014,92.93942127,106.04,104.9394213
7/16/2014,92.40956775,105.41,104.4095678
7/15/2014,92.77909236,104.73,104.7790924
7/14/2014,93.15075595,104.73,105.150756
7/11/2014,93.87052517,105.77,105.8705252
7/10/2014,94.36804725,106.2,106.3680473
7/9/2014,95.16085889,106.84,107.1608589
7/8/2014,95.54385639,107.65,107.5438564
7/7/2014,95.58704975,108.7,107.5870498
7/3/2014,96.97694402,108.98,108.976944
7/2/2014,98.00723186,110.18,110.0072319
7/1/2014,97.84116733,110.84,109.8411673
6/30/2014,99.3902423,111.03,111.3902423
6/27/2014,98.70078984,112.62,110.7007898
6/26/2014,100.0052921,112.61,112.0052921
6/25/2014,100.6729695,112.84,112.6729695
6/24/2014,100.8022362,113.74,112.8022362
6/23/2014,100.6165422,113.62,112.6165422
6/20/2014,101.0601018,114.55,113.0601018
6/19/2014,100.1758168,115.19,112.1758168
6/18/2014,100.778227,114.25,112.778227
6/17/2014,99.95890558,114.02,111.9589056
6/16/2014,100.0728363,113.42,112.0728363
6/13/2014,98.93167162,113.15,110.9316716
6/12/2014,97.28889899,112.18,109.288899
6/11/2014,96.13490981,109.83,108.1349098
6/10/2014,96.95488932,109.18,108.9548893
6/9/2014,97.17524473,110.55,109.1752447
6/6/2014,95.28722246,109.21,107.2872225
6/5/2014,96.10186724,108.43,108.1018672
6/4/2014,95.77086564,109.07,107.7708656
6/3/2014,96.57788239,108.87,108.5778824
6/2/2014,95.82224009,109.34,107.8222401
5/30/2014,98.0323384,109.21,110.0323384
5/29/2014,96.75382103,109.98,108.753821
5/28/2014,96.96778466,109.09,108.9677847
5/27/2014,96.79557295,109.81,108.795573
5/23/2014,97.95145886,110.19,109.9514589
5/22/2014,98.6867184,110.89,110.6867184
5/21/2014,97.57212296,111.32,109.572123
5/20/2014,97.76994883,110.35,109.7699488
5/19/2014,97.23073951,110.84,109.2307395
5/16/2014,96.34158062,110.9,108.3415806
5/15/2014,97.22034935,109.74,109.2203494
5/14/2014,95.62015226,109.87,107.6201523
5/13/2014,95.95291564,108.78,107.9529156
5/12/2014,95.00523018,108.37,107.0052302
5/9/2014,95.31355899,108.26,107.313559
5/8/2014,94.84707696,108.19,106.847077
5/7/2014,95.88828575,108.17,107.8882858
5/6/2014,96.048066,108.3,108.048066
5/5/2014,96.28460695,109.48,108.284607
5/2/2014,95.61052327,109.48,107.6105233
5/1/2014,95.62535671,108.63,107.6253567
4/30/2014,96.87395969,108.63,108.8739597
4/29/2014,96.09547533,109.89,108.0954753
4/28/2014,96.98616933,109.12,108.9861693
4/25/2014,97.65762314,109.53,109.6576231
4/24/2014,95.45866359,109.79,107.4586636
4/23/2014,95.23380506,108.48,107.2338051
4/22/2014,96.3983223,108.54,108.3983223
4/21/2014,96.9628995,109.69,108.9628995
4/17/2014,96.69126581,109.79,108.6912658
4/16/2014,95.70557284,109.71,107.7055728
4/15/2014,95.43365739,109.1,107.4336574
4/14/2014,94.46690388,107.68,106.4669039
4/11/2014,94.22635715,107.34,106.2263572
4/10/2014,95.18241519,107.1,107.1824152
4/9/2014,94.04740928,107.39,106.0474093
4/8/2014,92.07886099,105.83,104.078861
4/7/2014,94.21863384,104.89,106.2186338
4/4/2014,92.02522396,106.41,104.025224
4/3/2014,91.28405647,104.88,103.2840565
4/2/2014,92.52303703,103.37,104.523037
4/1/2014,94.07956249,105.7,106.0795625
3/31/2014,94.52848015,105.95,106.5284802
3/28/2014,94.66770686,106.64,106.6677069
3/27/2014,93.55353212,106.58,105.5535321
3/26/2014,93.99403927,105.9,105.9940393
3/25/2014,93.30992161,107.01,105.3099216
3/24/2014,94.56524486,106.59,106.5652449
3/21/2014,92.6099053,107.2,104.6099053
3/20/2014,92.8933132,105.73,104.8933132
3/19/2014,94.6330056,105.95,106.6330056
3/18/2014,94.87805622,106.79,106.8780562
3/17/2014,95.39801583,106.99,107.3980158
3/14/2014,94.46220513,108.08,106.4622051
3/13/2014,95.15992777,107.48,107.1599278
3/12/2014,95.19025649,107.88,107.1902565
3/11/2014,95.16590459,108.35,107.1659046
3/10/2014,96.38973335,108.27,108.3897334
3/7/2014,94.68862691,109.14,106.6886269
3/6/2014,95.0358966,107.99,107.0358966
3/5/2014,96.04946437,108.15,108.0494644
3/4/2014,97.90461394,109.17,109.9046139
3/3/2014,96.57318637,111.26,108.5731864
2/28/2014,95.99348267,108.98,107.9934827
2/27/2014,97.13362066,108.54,109.1336207
2/26/2014,96.20827161,109.39,108.2082716
2/25/2014,96.63953608,109.19,108.6395361
2/24/2014,94.82467099,109.76,106.824671
2/21/2014,96.86085723,109.03,108.8608572
2/20/2014,97.3128641,109.42,109.3128641
2/19/2014,96.69423621,110.37,108.6942362
2/18/2014,94.82569371,110.14,106.8256937
2/14/2014,95.57429326,108.63,107.5742933
2/13/2014,95.75451808,108.98,107.7545181
2/12/2014,96.30975421,108.62,108.3097542
2/11/2014,97.1462076,109.21,109.1462076
2/10/2014,96.45953475,110.18,108.4595348
2/7/2014,95.18542216,110.12,107.1854222
2/6/2014,94.13373564,108.15,106.1337356
2/5/2014,93.44677575,106.81,105.4467758
2/4/2014,93.93712484,107.04,105.9371248
2/3/2014,95.04876215,106.55,107.0487622
1/31/2014,96.43912037,108.16,108.4391204
1/30/2014,95.15813277,109.36,107.1581328
1/29/2014,95.68075819,108.83,107.6807582
1/28/2014,95.65557477,109.1,107.6555748
1/27/2014,96.13941899,108.72,108.139419
1/24/2014,96.65111754,109.14,108.6511175
1/23/2014,96.5687901,109.69,108.5687901
1/22/2014,96.65572706,109.69,108.6557271
1/21/2014,96.18695668,109.17,108.1869567
1/17/2014,95.01928124,108.45,107.0192812
1/16/2014,95.63776941,107.46,107.6377694
1/15/2014,94.33946224,108.09,106.3394622
1/14/2014,95.42664934,107.12,107.4266493
1/13/2014,93.34974685,108.02,105.3497469
1/10/2014,94.97912067,106.44,106.9791207
1/9/2014,94.78621438,107.49,106.7862144
1/8/2014,94.89638053,107.42,106.8963805
1/7/2014,93.32379452,107.01,105.3237945
1/6/2014,93.82068029,106.71,105.8206803
1/3/2014,94.51554449,106.57,106.5155445
1/2/2014,97.38886864,107.94,109.3888686
12/31/2013,97.41318867,109.95,109.4131887
12/30/2013,98.91873876,110.47,110.9187388
12/27/2013,99.05306994,112.06,111.0530699
12/26/2013,97.87962452,111.65,109.8796245
12/24/2013,98.1417764,111.57,110.1417764
12/23/2013,98.74843191,111.58,110.7484319
12/20/2013,97.28465884,112.15,109.2846588
12/19/2013,96.89028411,110.78,108.8902841
12/18/2013,96.17996834,109.56,108.1799683
12/17/2013,96.7638906,108.91,108.7638906
12/16/2013,95.20810649,110.3,107.2081065
12/13/2013,96.35108485,108.08,108.3510849
12/12/2013,95.98001817,108.99,107.9800182
12/11/2013,96.4527005,109.47,108.4527005
12/10/2013,96.76199536,108.91,108.7619954
12/9/2013,97.96687607,110.07,109.9668761
12/6/2013,98.47132047,111.5,110.4713205
12/5/2013,99.29094116,112.07,111.2909412
12/4/2013,99.89973108,113.27,111.8997311
12/3/2013,98.18493824,113.06,110.1849382
12/2/2013,98.40002083,111.49,110.4000208
11/29/2013,98.70747878,111.07,110.7074788
11/27/2013,98.85581532,111.32,110.8558153
11/26/2013,97.45763546,112.04,109.4576355
11/25/2013,97.85341796,110.83,109.853418
11/22/2013,96.83465133,111.36,108.8346513
11/21/2013,95.49107738,109.9,107.4910774
11/20/2013,95.43553638,108.27,107.4355364
11/19/2013,96.13272926,108.29,108.1327293
11/18/2013,95.1934713,108.8,107.1934713
11/15/2013,95.6086853,108.25,107.6086853
11/14/2013,94.05136668,108.29,106.0513667
11/13/2013,93.36212396,106.9,105.362124
11/12/2013,93.04634382,106.29,105.0463438
11/11/2013,92.05714014,105.76,104.0571401
11/8/2013,90.84921803,104.29,102.849218
11/7/2013,92.85837472,103.08,104.8583747
11/6/2013,92.16495153,105.46,104.1649515
11/5/2013,92.27102997,105.01,104.27103
11/4/2013,93.93157679,104.85,105.9315768
11/1/2013,94.83902741,105.78,106.8390274
10/31/2013,95.36822605,107.53,107.3682261
10/30/2013,94.71594574,108.41,106.7159457
10/29/2013,96.34647756,108.04,108.3464776
10/28/2013,93.38497651,108.29,105.3849765
10/25/2013,93.51877938,105.7,105.5187794
10/24/2013,95.23422586,106.63,107.2342259
10/23/2013,96.31046817,107.74,108.3104682
10/22/2013,97.09551358,109.57,109.0955136
10/21/2013,95.81231031,109.47,107.8123103
10/18/2013,97.0045595,109.4,109.0045595
10/17/2013,97.7383433,109.55,109.7383433
10/16/2013,97.64713001,110.79,109.64713
10/15/2013,96.69326954,110.67,108.6932695
10/14/2013,97.21904277,110.13,109.2190428
10/11/2013,98.24680086,110.65,110.2468009
10/10/2013,96.03588305,111.63,108.0358831
10/9/2013,97.07013872,109.02,109.0701387
10/8/2013,95.78670742,110.56,107.7867074
10/7/2013,96.41916207,109.66,108.4191621
10/4/2013,96.24728765,109.42,108.2472877
10/3/2013,95.82492793,109.49,107.8249279
10/2/2013,94.52207133,109.09,106.5220713
10/1/2013,95.30194384,107.32,107.3019438
9/30/2013,96.72798887,107.85,108.7279889
9/27/2013,95.6659198,109.45,107.6659198
9/26/2013,96.79269559,108.86,108.7926956
9/25/2013,94.51022017,109.46,106.5102202
9/24/2013,96.0863553,107.68,108.0863553
9/23/2013,97.05263229,108.56,109.0526323
9/20/2013,97.70559404,110.22,109.705594
9/19/2013,96.03767191,110.66,108.0376719
9/18/2013,96.11912705,109.09,108.1191271
9/17/2013,97.88296604,109.05,109.882966
9/16/2013,99.10756802,110.86,111.107568
9/13/2013,99.36431964,113.31,111.3643196
9/12/2013,98.19315536,113.11,110.1931554
9/11/2013,99.28314969,112.37,111.2831497
9/10/2013,102.217461,112.1,114.217461
9/9/2013,102.3645913,115.2,114.3645913
9/6/2013,101.7013426,117.15,113.7013426
9/5/2013,102.3761962,115.81,114.3761962
9/4/2013,101.2448472,115.65,113.2448472
9/3/2013,101.5859903,115.49,113.5859903
8/30/2013,102.5564211,115.97,114.5564211
8/29/2013,102.2194472,116.91,114.2194472
8/28/2013,102.2765958,116.27,114.2765958
8/27/2013,98.59450669,115.21,110.5945067
8/26/2013,99.00426216,112.23,111.0042622
8/23/2013,97.52974019,112.12,109.5297402
8/22/2013,97.15107254,110.51,109.1510725
8/21/2013,97.36926696,110.82,109.369267
8/20/2013,97.83898543,110.74,109.8389854
8/19/2013,97.87683293,111.41,109.8768329
8/16/2013,97.62531238,111.82,109.6253124
8/15/2013,97.01653946,111.58,109.0165395
8/14/2013,97.11161208,110.26,109.1116121
8/13/2013,95.6418985,110.69,107.6418985
8/12/2013,95.77565376,109.28,107.7756538
8/9/2013,94.48650806,108.49,106.4865081
8/8/2013,95.72604378,107.32,107.7260438
8/7/2013,95.32780247,108.39,107.3278025
8/6/2013,96.75461975,108.77,108.7546198
8/5/2013,96.61996502,109.81,108.619965
8/2/2013,97.23255767,109.63,109.2325577
8/1/2013,95.47690233,109.94,107.4769023
7/31/2013,95.10193779,107.89,107.1019378
7/30/2013,94.77259055,107.47,106.7725906
7/29/2013,95.16281192,108.1,107.1628119
7/26/2013,95.04221081,107.57,107.0422108
7/25/2013,95.49639401,108.1,107.496394
7/24/2013,96.74115628,108.23,108.7411563
7/23/2013,96.01204969,109.27,108.0120497
7/22/2013,96.62160188,108.82,108.6216019
7/19/2013,96.4359375,109.34,108.4359375
7/18/2013,96.42581981,109.71,108.4258198
7/17/2013,96.56706106,109.67,108.5670611
7/16/2013,95.79780217,109.29,107.7978022
7/15/2013,96.29279687,109.05,108.2927969
7/12/2013,95.31260341,109.03,107.3126034
7/11/2013,95.9883269,108.18,107.9883269
7/10/2013,94.93228866,108.43,106.9322887
7/9/2013,94.70580861,107.9,106.7058086
7/8/2013,95.01323709,107.75,107.0132371
7/5/2013,94.27469125,107.46,106.2746913
7/3/2013,91.79190989,106.12,103.7919099
7/2/2013,90.45571129,103.96,102.4557113
7/1/2013,91.11898386,103.19,103.1189839
6/28/2013,89.73433008,102.49,101.7343301
6/27/2013,88.67408512,102.74,100.6740851
6/26/2013,89.39644848,100.62,101.3964485
6/25/2013,88.45275101,101.51,100.452751
6/24/2013,87.39316764,99.8,99.39316764
6/21/2013,90.46257782,100.36,102.4625778
6/20/2013,93.63571642,102.72,105.6357164
6/19/2013,93.1268912,105.56,105.1268912
6/18/2013,93.29291519,105.21,105.2929152
6/17/2013,92.79135696,105.8,104.791357
6/14/2013,91.31640265,105.1,103.3164027
6/13/2013,90.88755106,103.38,102.8875511
6/12/2013,89.61450534,103.11,101.6145053
6/11/2013,91.10794388,101.5,103.1079439
6/10/2013,92.1048245,103.87,104.1048245
6/7/2013,92.04689699,104.07,104.046897
6/6/2013,91.15875513,103.37,103.1587551
6/5/2013,90.16016278,103.51,102.1601628
6/4/2013,89.46647428,102.04,101.4664743
6/3/2013,88.37713433,101.63,100.3771343
5/31/2013,89.07663883,100.43,101.0766388
5/30/2013,90.13951565,101.79,102.1395157
5/29/2013,91.25217999,102.14,103.25218
5/28/2013,89.24728456,103.77,101.2472846
5/24/2013,88.22117347,101.24,100.2211735
5/23/2013,90.65735945,100.46,102.6573595
5/22/2013,91.29700864,102.14,103.2970086
5/21/2013,91.9237671,103.1,103.9237671
5/20/2013,91.47199719,104.55,103.4719972
5/17/2013,91.32072397,103.83,103.320724
5/16/2013,89.23023186,104.27,101.2302319
5/15/2013,90.59090981,101.57,102.5909098
5/14/2013,89.34705075,102.7,101.3470508
5/13/2013,89.41741475,102.17,101.4174148
5/10/2013,90.86796368,101.31,102.8679637
5/9/2013,91.84942692,103.59,103.8494269
5/8/2013,93.03285754,103.79,105.0328575
5/7/2013,92.49473849,105.18,104.4947385
5/6/2013,91.97338317,105,103.9733832
5/3/2013,88.72723728,104.6,100.7272373
5/2/2013,87.26824095,100.32,99.26824095
5/1/2013,88.92911228,98.34,100.9291123
4/30/2013,90.55595722,101.53,102.5559572
4/29/2013,90.39367846,102.88,102.3936785
4/26/2013,89.40046174,102.39,101.4004617
4/25/2013,88.97785744,101.62,100.9778574
4/24/2013,87.58331916,100.71,99.58331916
4/23/2013,87.68983553,99.25,99.68983553
4/22/2013,86.92141898,99.07,98.92141898
4/19/2013,86.23663256,98.94,98.23663256
4/18/2013,85.49973322,97.48,97.49973322
4/17/2013,86.20061731,96.84,98.20061731
4/16/2013,87.78712155,97.88,99.78712155
4/15/2013,88.5602107,99.32,100.5602107
4/12/2013,91.09401468,100.58,103.0940147
4/11/2013,92.70208777,103.62,104.7020878
4/10/2013,91.90201625,104.8,103.9020163
4/9/2013,91.16847923,104.08,103.1684792
4/8/2013,91.23762634,103.16,103.2376263
4/5/2013,92.33119104,103.98,104.331191
4/4/2013,95.12012901,105.09,107.120129
4/3/2013,96.5667055,107.82,108.5667055
4/2/2013,96.04565454,109.66,108.0456545
4/1/2013,95.58128091,108.76,107.5812809
3/28/2013,95.06763465,108.46,107.0676347
3/27/2013,93.99013291,108.51,105.9901329
3/26/2013,94.15973541,107.1,106.1597354
3/25/2013,93.8136424,106.66,105.8136424
3/22/2013,94.01730062,106.51,106.0173006
3/21/2013,95.76311834,106.41,107.7631183
3/20/2013,94.22376778,108.27,106.2237678
3/19/2013,95.91761024,106.91,107.9176102
3/18/2013,95.33349271,108.54,107.3334927
3/15/2013,95.64610858,109.32,107.6461086
3/14/2013,94.6205715,108.1,106.6205715
3/13/2013,95.44297384,107.51,107.4429738
3/12/2013,95.17061193,108.48,107.1706119
3/11/2013,96.28175694,108.64,108.2817569
3/8/2013,96.70492856,108.91,108.7049286
3/7/2013,97.06814114,110.42,109.0681411
3/6/2013,97.48360043,110.27,109.4836004
3/5/2013,97.64734304,110.42,109.647343
3/4/2013,97.16597132,109.9,109.1659713
3/1/2013,98.91703329,110.14,110.9170333
2/28/2013,98.70684838,112.2,110.7068484
2/27/2013,99.57467589,112.24,111.5746759
2/26/2013,101.0686608,112.96,113.0686608
2/25/2013,100.5650927,114.55,112.5650927
2/22/2013,100.1520907,113.74,112.1520907
2/21/2013,102.5181386,114.19,114.5181386
2/20/2013,102.7900326,116.23,114.7900326
2/19/2013,103.1088651,117.04,115.1088651
2/15/2013,104.9358085,117.4,116.9358085
2/14/2013,104.6927692,118.48,116.6927692
2/13/2013,103.5135737,118.43,115.5135737
2/12/2013,104.1837413,117.89,116.1837413
2/11/2013,104.9594322,118.29,116.9594322
2/8/2013,103.597575,118.9,115.597575
2/7/2013,102.5480841,117.17,114.5480841
2/6/2013,102.5076872,116.61,114.5076872
2/5/2013,101.8032216,117.03,113.8032216
2/4/2013,101.1683403,116.06,113.1683403
2/1/2013,102.4496074,115.55,114.4496074
1/31/2013,101.9054513,115.55,113.9054513
1/30/2013,101.6664384,115.42,113.6664384
1/29/2013,100.5231142,115.22,112.5231142
1/28/2013,100.5519569,113.92,112.5519569
1/25/2013,100.6960423,113.88,112.6960423
1/24/2013,100.4376426,114.59,112.4376426
1/23/2013,99.23401248,113.68,111.2340125
1/22/2013,98.81578315,112.72,110.8157832
1/18/2013,97.5364357,111.71,109.5364357
1/17/2013,97.53400753,111.01,109.5340075
1/16/2013,97.9946045,110.97,109.9946045
1/15/2013,97.21724992,111.72,109.2172499
1/14/2013,97.27968856,111.32,109.2796886
1/11/2013,99.35658474,110.3,111.3565847
1/10/2013,99.22453585,112.97,111.2245359
1/9/2013,99.37679193,113.07,111.3767919
1/8/2013,98.60697279,113.03,110.6069728
1/7/2013,98.85473709,112.49,110.8547371
1/4/2013,99.43722268,112.58,111.4372227
1/3/2013,99.08252835,113.03,111.0825284
1/2/2013,97.6668655,112.98,109.6668655
12/31/2012,97.19479247,110.8,109.1947925
12/28/2012,98.02626484,110.05,110.0262648
12/27/2012,97.7887628,110.04,109.7887628
12/26/2012,95.14076817,110.72,107.1407682
12/24/2012,96.08766785,108.44,108.0876679
12/21/2012,97.33348958,109.13,109.3334896
12/20/2012,96.66674427,110.57,108.6667443
12/19/2012,97.37904675,109.95,109.3790468
12/18/2012,96.73701313,109.96,108.7370131
12/17/2012,96.58768908,109.35,108.5876891
12/14/2012,97.1436426,109.28,109.1436426
12/13/2012,97.13518708,110.18,109.1351871
12/12/2012,94.86190636,110.17,106.8619064
12/11/2012,95.23801039,107.6,107.2380104
12/10/2012,94.29886984,108.25,106.2988698
12/7/2012,95.10494276,107.16,107.1049428
12/6/2012,96.16144642,108.01,108.1614464
12/5/2012,97.25612536,108.96,109.2561254
12/4/2012,97.87473096,109.99,109.874731
12/3/2012,97.60164536,111.27,109.6016454
11/30/2012,97.56593306,110.84,109.5659331
11/29/2012,95.61631123,110.47,107.6163112
11/28/2012,96.14564083,108.26,108.1456408
11/27/2012,96.22017292,109.33,108.2201729
11/26/2012,97.32760926,110.18,109.3276093
11/23/2012,98.03641865,110.14,110.0364187
11/21/2012,96.68701317,110.81,108.6870132
11/20/2012,97.51526684,110.01,109.5152668
11/19/2012,93.39805179,110.06,105.3980518
11/16/2012,96.87511346,106.81,108.8751135
11/15/2012,96.76310072,110.07,108.7631007
11/14/2012,95.49746678,109.66,107.4974668
11/13/2012,97.02551471,108.82,109.0255147
11/12/2012,96.45359643,110.23,108.4535964
11/9/2012,94.32093781,108.61,106.3209378
11/8/2012,95.22955195,107.23,107.229552
11/7/2012,96.11745727,108.21,108.1174573
11/6/2012,92.72891245,109.27,104.7289125
11/5/2012,93.98379731,105.59,105.9837973
11/2/2012,95.75961781,106.79,107.7596178
11/1/2012,96.26942936,108.84,108.2694294
10/31/2012,96.26140432,109.89,108.2614043
10/26/2012,95.4766788,108.9,107.4766788
10/25/2012,94.36638994,107.64,106.3663899
10/24/2012,95.02914344,107.66,107.0291434
10/23/2012,96.00941047,107.53,108.0094105
10/22/2012,97.99765455,109.62,109.9976546
10/19/2012,99.57703598,111.89,111.577036
10/18/2012,99.68968526,112.58,111.6896853
10/17/2012,100.982962,113.49,112.982962
10/16/2012,101.4030094,115,113.4030094
10/15/2012,101.4391098,115,113.4391098
10/12/2012,102.22178,115.17,114.22178
10/11/2012,101.4487302,116.18,113.4487302
10/10/2012,101.2424405,116.11,113.2424405
10/9/2012,99.43922973,114.32,111.4392297
10/8/2012,99.42518079,112.6,111.4251808
10/5/2012,97.18556826,112.17,109.1855683
10/4/2012,96.15652956,110.48,108.1565296
10/3/2012,99.81613021,109.32,111.8161302
10/2/2012,98.98097537,112.49,110.9809754
10/1/2012,97.99907905,112.58,109.9990791
9/28/2012,98.57605126,111.36,110.5760513
9/27/2012,95.57318735,111.45,107.5731874
9/26/2012,96.99892913,108.99,108.9989291
9/25/2012,96.26193808,110.77,108.2619381
9/24/2012,98.13077328,109.2,110.1307733
9/21/2012,96.35421482,111.27,108.3542148
9/20/2012,95.97202135,109.41,107.9720214
9/19/2012,99.82808915,108.49,111.8280892
9/18/2012,103.1603224,113.29,115.1603224
9/17/2012,103.6447501,116.7,115.6447501
9/14/2012,102.4639777,117.48,114.4639777
9/13/2012,101.0146089,116,113.0146089
9/12/2012,101.0290295,114.86,113.0290295
9/11/2012,99.63477152,114.86,111.6347715
9/10/2012,99.25303287,113.84,111.2530329
9/7/2012,100.1899665,113.64,112.1899665
9/6/2012,99.69351673,114.5,111.6935167
9/5/2012,101.8723308,113.32,113.8723308
9/4/2012,100.3069713,114.98,112.3069713
8/31/2012,98.82623706,113.93,110.8262371
8/30/2012,99.3792894,112.28,111.3792894
8/29/2012,98.91754958,112.53,110.9175496
8/28/2012,100.1044307,112.62,112.1044307
8/27/2012,101.4126148,113.74,113.4126148
8/24/2012,103.5163911,115.76,115.5163911
8/23/2012,101.8502322,117.45,113.8502322
8/22/2012,101.7355868,115.77,113.7355868
8/21/2012,101.6481645,116.03,113.6481645
8/20/2012,100.9855964,115.5,112.9855964
8/17/2012,101.8339342,115.2,113.8339342
8/16/2012,101.9174769,116.12,113.9174769
8/15/2012,100.0144655,115.51,112.0144655
8/14/2012,101.1987866,113.9,113.1987866
8/13/2012,100.2651693,114.48,112.2651693
8/10/2012,100.3169846,113.13,112.3169846
8/9/2012,99.60571292,113.52,111.6057129
8/8/2012,98.95040274,113.42,110.9504027
8/7/2012,97.17125129,112.39,109.1712513
8/6/2012,96.4593026,110.01,108.4593026
8/3/2012,95.18796257,109.57,107.1879626
8/2/2012,94.6373849,107.55,106.6373849
8/1/2012,93.1669141,106.78,105.1669141
7/31/2012,93.17886917,105.93,105.1788692
7/30/2012,93.57066091,106.54,105.5706609
7/27/2012,91.97423774,106.3,103.9742377
7/26/2012,90.32171177,104.77,102.3217118
7/25/2012,90.8764082,102.35,102.8764082
7/24/2012,91.65880776,103.57,103.6588078
7/23/2012,93.61939097,103.91,105.619391
7/20/2012,95.39989819,106.98,107.3998982
7/19/2012,92.94407531,107.79,104.9440753
7/18/2012,91.72186597,105.92,103.721866
7/17/2012,90.04334575,104.21,102.0433458
7/16/2012,89.90375793,102.1,101.9037579
7/13/2012,87.92937322,101.91,99.92937322
7/12/2012,87.6561908,99.18,99.6561908
7/11/2012,87.54271272,99.23,99.54271272
7/10/2012,87.93225495,99.15,99.93225495
7/9/2012,87.12166909,99.94,99.12166909
7/6/2012,89.34548794,98.5,101.3454879
7/5/2012,88.09990146,101.54,100.0999015
7/3/2012,83.50057573,99.89,95.50057573
7/2/2012,82.95982793,95.28,94.95982793
6/29/2012,79.41436008,94.17,91.41436008
6/28/2012,81.36588683,91.02,93.36588683
6/27/2012,79.78505571,92.06,91.78505571
6/26/2012,77.56851388,90.19,89.56851388
6/25/2012,78.24975555,88.69,90.24975555
6/22/2012,78.9227602,89.22,90.9227602
6/21/2012,82.64233689,89.22,94.64233689
6/20/2012,83.65438788,93.5,95.65438788
6/19/2012,83.46174708,95.14,95.46174708
6/18/2012,85.85319241,95.21,97.85319241
6/15/2012,84.53476765,97.13,96.53476765
6/14/2012,85.70401748,96.46,97.70401748
6/13/2012,85.58974271,97.29,97.58974271
6/12/2012,86.45720766,96.59,98.45720766
6/11/2012,86.10671373,98.6,98.10671373
6/8/2012,87.97550043,97.57,99.97550043
6/7/2012,89.16565157,100.05,101.1656516
6/6/2012,85.92621118,101.14,97.92621118
6/5/2012,85.47687871,98.65,97.47687871
6/4/2012,87.17643361,97.74,99.17643361
6/1/2012,91.71706608,98.63,103.7170661
5/31/2012,91.51535935,103.86,103.5153594
5/30/2012,93.94787082,103.85,105.9478708
5/29/2012,95.48712778,107.55,107.4871278
5/25/2012,94.45801087,107.86,106.4580109
5/24/2012,93.76127622,107.2,105.7612762
5/23/2012,96.67451693,106.88,108.6745169
5/22/2012,96.87957886,109.76,108.8795789
5/21/2012,95.42235582,109.02,107.4223558
5/18/2012,97.04306865,108.03,109.0430687
5/17/2012,96.79884111,109.31,108.7988411
5/16/2012,98.00793229,109.8,110.0079323
5/15/2012,97.65487343,111.4,109.6548734
5/14/2012,98.86705963,110.79,110.8670596
5/11/2012,98.6699167,112.5,110.6699167
5/10/2012,98.05787102,112.24,110.057871
5/9/2012,97.80109618,111.89,109.8010962
5/8/2012,98.70819252,110.48,110.7081925
5/4/2012,101.6547902,111.66,113.6547902
5/3/2012,103.5985775,115.91,115.5985775
5/2/2012,105.5980195,117.57,117.5980195
5/1/2012,104.4592414,119.57,116.4592414
4/30/2012,104.919952,118.66,116.919952
4/27/2012,105.0877677,119.3,117.0877677
4/26/2012,103.5150163,119.33,115.5150163
4/25/2012,103.7484254,117.45,115.7484254
4/24/2012,102.3634204,117.74,114.3634204
4/23/2012,103.1634281,116.66,115.1634281
4/20/2012,103.1199421,118.08,115.1199421
4/19/2012,101.4877481,117,113.4877481
4/18/2012,102.7290206,115.18,114.7290206
4/17/2012,103.9945845,117.41,115.9945845
4/16/2012,106.1247927,118.23,118.1247927
4/13/2012,106.1524114,120.62,118.1524114
4/12/2012,105.9935019,120.57,117.9935019
4/11/2012,108.1725348,120.41,120.1725348
4/10/2012,108.3779213,121.89,120.3779213
4/5/2012,109.1022061,123.58,121.1022061
4/4/2012,109.1923182,123.04,121.1923182
4/2/2012,108.1498198,124.44,120.1498198
3/30/2012,108.6689349,123.41,120.6689349
3/29/2012,109.0157497,123.23,121.0157497
3/28/2012,110.30241,124.41,122.30241
3/27/2012,111.0026156,125.25,123.0026156
3/26/2012,109.5336225,125.85,121.5336225
3/23/2012,107.3474323,125.21,119.3474323
3/22/2012,108.9561284,122.49,120.9561284
3/21/2012,109.120464,123.89,121.120464
3/20/2012,110.7066934,124.38,122.7066934
3/19/2012,109.8779052,125.76,121.8779052
3/16/2012,108.5126931,125.09,120.5126931
3/15/2012,112.0580872,123.63,124.0580872
3/14/2012,112.6374639,126.98,124.6374639
3/13/2012,112.2786165,128.14,124.2786165
3/12/2012,111.981193,127.27,123.981193
3/9/2012,112.442356,128.08,124.442356
3/8/2012,110.3617213,127.96,122.3617213
3/7/2012,110.1156021,125.37,122.1156021
3/6/2012,110.9767419,125.03,122.9767419
3/5/2012,110.9592125,126.68,122.9592125
3/2/2012,111.2708998,125.93,123.2708998
3/1/2012,108.009418,125.76,120.009418
2/29/2012,109.0437835,122.23,121.0437835
2/28/2012,111.7155278,124.02,123.7155278
2/27/2012,109.8476371,126.46,121.8476371
2/24/2012,109.8788781,124.89,121.8788781
2/23/2012,108.0565737,124.53,120.0565737
2/22/2012,106.0487507,123.07,118.0487507
2/21/2012,105.5793048,120.85,117.5793048
2/17/2012,106.3625988,120.69,118.3625988
2/16/2012,105.6711267,121,117.6711267
2/15/2012,104.2495051,120.25,116.2495051
2/14/2012,104.0352215,118.3,116.0352215
2/13/2012,104.4663054,118.73,116.4663054
2/10/2012,104.0646719,118.13,116.0646719
2/9/2012,102.9356011,118.4,114.9356011
2/8/2012,103.3393684,117.18,115.3393684
2/7/2012,101.2270653,116.86,113.2270653
2/6/2012,99.72012341,115.47,111.7201234
2/3/2012,97.8513196,112.56,109.8513196
2/2/2012,98.59895282,110.96,110.5989528
2/1/2012,96.94591449,111.96,108.9459145
1/31/2012,97.91662036,110.26,109.9166204
1/30/2012,97.5633093,110.24,109.5633093
1/27/2012,96.32033029,110.5,108.3203303
1/26/2012,95.01513828,109.08,107.0151383
1/25/2012,95.35113233,108.48,107.3511323
1/24/2012,96.76800039,108.38,108.7680004
1/23/2012,95.60973716,109.46,107.6097372
1/20/2012,96.42691152,108.5,108.4269115
1/19/2012,96.78341481,109.54,108.7834148
1/18/2012,97.36324146,109.81,109.3632415
1/17/2012,97.03983874,110.55,109.0398387
1/13/2012,99.62254308,109.88,111.6225431
1/12/2012,98.25530647,112.97,110.2553065
1/11/2012,99.94618338,111.66,111.9461834
1/10/2012,98.03112902,113.3,110.031129
1/9/2012,98.26942661,111.07,110.2694266
1/6/2012,99.71314288,111.96,111.7131429
1/5/2012,99.454302,113.59,111.454302
1/4/2012,97.8995714,113.37,109.8995714
1/3/2012,96.20807976,111.12,108.2080798
12/30/2011,94.52104739,108.09,106.5210474
12/29/2011,94.62026862,106.89,106.6202686
12/28/2011,96.42357665,107.54,108.4235767
12/23/2011,96.11605353,109.28,108.1160535
12/22/2011,94.40264332,108.98,106.4026433
12/21/2011,94.87115998,108,106.87116
12/20/2011,92.02614782,107.8,104.0261478
12/19/2011,92.418516,104.55,104.418516
12/16/2011,92.25229573,104,104.2522957
12/15/2011,92.70344885,104.52,104.7034489
12/14/2011,95.6352385,105.72,107.6352385
12/13/2011,94.88372063,109.25,106.8837206
12/12/2011,94.62955277,107.82,106.6295528
12/9/2011,94.58651906,107.91,106.5865191
12/8/2011,97.07475668,108.23,109.0747567
12/7/2011,96.98405397,110.07,108.984054
12/6/2011,96.61517649,110.16,108.6151765
12/5/2011,95.89042699,110.18,107.890427
12/2/2011,96.02100735,109.59,108.0210074
12/1/2011,97.82566996,108.83,109.82567
11/30/2011,97.50264895,111.22,109.502649
11/29/2011,97.49402801,111.25,109.494028
11/28/2011,93.50258769,109.38,105.5025877
11/25/2011,93.53671076,106.08,105.5367108
11/23/2011,95.13617854,106.83,107.1361785
11/22/2011,93.35087807,107.77,105.3508781
11/21/2011,95.40164086,105.98,107.4016409
11/18/2011,95.69716352,107.82,107.6971635
11/17/2011,99.24734255,109.25,111.2473426
11/16/2011,98.14881661,111.91,110.1488166
11/15/2011,99.36587502,111.9,111.365875
11/14/2011,100.6114877,112.57,112.6114877
11/11/2011,99.88818722,114.43,111.8881872
11/10/2011,101.8862337,113.32,113.8862337
11/9/2011,101.6122305,115.29,113.6122305
11/8/2011,101.550414,115.61,113.550414
11/7/2011,98.65905875,114.75,110.6590588
11/4/2011,97.51672664,112.22,109.5167266
11/3/2011,97.86426886,110.76,109.8642689
11/2/2011,94.42398822,110.82,106.4239882
11/1/2011,95.56077498,106.97,107.560775
10/31/2011,96.18862108,108.43,108.1886211
10/28/2011,98.85609712,110.01,110.8560971
10/27/2011,97.24764026,112.45,109.2476403
10/26/2011,99.37799653,110.43,111.3779965
10/25/2011,98.85904304,112.11,110.859043
10/24/2011,98.1406603,111.67,110.1406603
10/21/2011,96.23089879,111.6,108.2308988
10/20/2011,98.44982766,109,110.4498277
10/19/2011,98.95996237,111.76,110.9599624
10/18/2011,99.58690693,112.08,111.5869069
10/17/2011,101.2132782,112.92,113.2132782
10/14/2011,99.49210531,114.33,111.4921053
10/13/2011,99.45521279,112.45,111.4552128
10/12/2011,96.65132718,112.44,108.6513272
10/11/2011,96.82944712,109.22,108.8294471
10/10/2011,94.31488111,109.49,106.3148811
10/7/2011,91.70759159,106.56,103.7075916
10/6/2011,91.42906292,104.38,103.4290629
10/5/2011,90.01425621,103.77,102.0142562
10/4/2011,90.90911841,101.84,102.9091184
10/3/2011,92.64246793,103.61,104.6424679
9/30/2011,94.58086115,105.42,106.5808612
9/29/2011,95.27945557,107.08,107.2794556
9/28/2011,96.88678145,108.52,108.8867815
9/27/2011,94.87528926,109.54,106.8752893
9/26/2011,95.89671784,107.9,107.8967178
9/23/2011,96.48856219,109.17,108.4885622
9/22/2011,100.7175578,109.21,112.7175578
9/21/2011,101.0711295,114.26,113.0711295
9/20/2011,99.56589633,114.39,111.5658963
9/19/2011,101.8625191,112.89,113.8625191
9/16/2011,102.0372324,116.26,114.0372324
9/15/2011,99.50867205,116.71,111.5086721
9/14/2011,100.1472567,113.1,112.1472567
9/13/2011,100.7796114,114.08,112.7796114
9/12/2011,101.3437157,114.75,113.3437157
9/9/2011,104.5038773,115.1,116.5038773
9/8/2011,103.381436,117.99,115.381436
9/7/2011,100.0626032,117.5,112.0626032
9/6/2011,102.6695411,113.29,114.6695411
9/2/2011,102.8231952,115.92,114.8231952
9/1/2011,103.01792,116.43,115.01792
8/31/2011,101.9809662,116.48,113.9809662
8/30/2011,98.86002016,115.59,110.8600202
8/26/2011,98.66411445,112.29,110.6641145
8/25/2011,98.36822461,111.91,110.3682246
8/24/2011,97.43777538,111.91,109.4377754
8/23/2011,95.92522998,110.35,107.92523
8/22/2011,96.656699,108.83,108.656699
8/19/2011,95.12080387,109.37,107.1208039
8/18/2011,97.94828015,108.36,109.9482802
8/17/2011,97.05000993,111.37,109.0500099
8/16/2011,95.73449438,109.69,107.7344944
8/15/2011,94.54181393,108.89,106.5418139
8/12/2011,94.41726944,108.17,106.4172694
8/11/2011,91.17397304,107.82,103.173973
8/10/2011,91.871695,103.84,103.871695
8/9/2011,91.24920425,103.63,103.2492043
8/8/2011,94.35927422,103.06,106.3592742
8/5/2011,96.7483112,106.92,108.7483112
8/4/2011,100.4186925,110.22,112.4186925
8/3/2011,102.3902999,113.74,114.3902999
8/2/2011,102.480612,116.02,114.480612
8/1/2011,102.6303718,116.37,114.6303718
7/29/2011,104.1494988,115.93,116.1494988
7/28/2011,103.9021928,118.16,115.9021928
7/27/2011,102.9898305,117.99,114.9898305
7/26/2011,103.5109742,118.14,115.5109742
7/25/2011,104.6810882,118.27,116.6810882
7/22/2011,103.3351753,118.99,115.3351753
7/21/2011,104.1858175,118.25,116.1858175
7/20/2011,103.809432,118.52,115.809432
7/19/2011,103.1611052,118.18,115.1611052
7/18/2011,104.2190044,117.05,116.2190044
7/15/2011,103.5949675,118.06,115.5949675
7/14/2011,104.5475783,117.38,116.5475783
7/13/2011,103.280218,118.46,115.280218
7/12/2011,103.9421745,117.36,115.9421745
7/11/2011,103.397308,117.35,115.397308
7/8/2011,102.861416,117.4,114.861416
7/7/2011,99.65422118,117.4,111.6542212
7/6/2011,99.94117414,113.55,111.9411741
7/5/2011,96.66212991,113.21,108.6621299
7/1/2011,98.58654745,109.82,110.5865475
6/30/2011,97.66217504,111.71,109.662175
6/29/2011,94.88817554,111.49,106.8881755
6/28/2011,91.69082842,107.57,103.6908284
6/27/2011,91.71613623,104.57,103.7161362
6/24/2011,94.89585787,104.79,106.8958579
6/23/2011,100.1614135,108.27,112.1614135
6/22/2011,98.9411087,113.59,110.9411087
6/21/2011,98.81348966,112.02,110.8134897
6/20/2011,99.93391672,112.21,111.9339167
6/17/2011,100.9929094,113.74,112.9929094
6/16/2011,101.3538851,114.69,113.3538851
6/15/2011,105.4396429,114.67,117.4396429
6/14/2011,105.7625365,120.35,117.7625365
6/13/2011,104.670538,120.49,116.670538
6/10/2011,105.9989162,118.71,117.9989162
6/9/2011,104.4557958,119.95,116.4557958
6/8/2011,102.3091703,118.43,114.3091703
6/7/2011,101.7806615,116.14,113.7806615
6/6/2011,101.1705331,115.4,113.1705331
6/3/2011,100.9434214,115.09,112.9434214
6/2/2011,103.090527,114.3,115.090527
6/1/2011,103.2705606,116.15,115.2705606
5/31/2011,101.8281928,117.18,113.8281928
5/27/2011,101.4876602,114.85,113.4876602
5/26/2011,100.8295594,115.06,112.8295594
5/25/2011,99.28764735,114.47,111.2876474
5/24/2011,97.33132698,112.52,109.331327
5/23/2011,97.4471591,110.13,109.4471591
5/20/2011,100.3006564,111.25,112.3006564
5/19/2011,100.1297528,113.2,112.1297528
5/18/2011,96.80281064,112.54,108.8028106
5/17/2011,100.3745,109.39,112.3745
5/16/2011,100.364483,113.72,112.364483
5/13/2011,100.337969,113.08,112.337969
5/12/2011,101.3917564,112.87,113.3917564
5/11/2011,103.8295597,115.66,115.8295597
5/10/2011,99.45837412,117.82,111.4583741
5/9/2011,100.4346932,113.21,112.4346932
5/6/2011,98.30497215,113.69,110.3049722
5/5/2011,107.3431497,111.93,119.3431497
5/4/2011,108.8124792,121.55,120.8124792
5/3/2011,110.6687226,124.01,122.6687226
5/2/2011,111.8576633,126.64,123.8576633
4/28/2011,109.6703836,126.59,121.6703836
4/27/2011,110.8089102,124.94,122.8089102
4/26/2011,108.4706009,124.55,120.4706009
4/21/2011,109.1244074,123.64,121.1244074
4/20/2011,106.9786266,124.26,118.9786266
4/19/2011,107.033915,121.35,119.033915
4/18/2011,110.4857328,121.69,122.4857328
4/15/2011,108.2616149,124.63,120.2616149
4/14/2011,108.5805586,122.74,120.5805586
4/13/2011,106.3695281,122.7,118.3695281
4/12/2011,110.5380724,121.33,122.5380724
4/11/2011,111.6306193,126.46,123.6306193
4/8/2011,108.1796199,126.3,120.1796199
4/7/2011,108.249739,122.9,120.249739
4/6/2011,107.7978724,123.01,119.7978724
4/5/2011,105.7425939,122.87,117.7425939
4/4/2011,104.0347162,120.07,116.0347162
4/1/2011,103.507227,118.63,115.507227
3/31/2011,101.8086734,116.94,113.8086734
3/30/2011,101.5066414,115.35,113.5066414
3/29/2011,102.7326133,115.58,114.7326133
3/28/2011,101.3759428,115.95,113.3759428
3/25/2011,101.5325032,115.45,113.5325032
3/24/2011,101.515077,115.41,113.515077
3/23/2011,102.5536229,115.65,114.5536229
3/22/2011,101.5286959,115.63,113.5286959
3/21/2011,100.0752385,114.92,112.0752385
3/18/2011,100.5260291,114.13,112.5260291
3/17/2011,97.15798745,114.18,109.1579875
